,id,name,title,cover
0,23428,tiktok,,
1,20884,viral,,
2,229207,fyp,,
3,14193,iphone,,
4,15134,test,,
5,16962,bend,,
6,1627704798586882,tiktokæ•™å®¤,"ä»Šå›ã® #TikTokæ•™å®¤ -ä»Šå¹´å­¦ã‚“ã çŸ¥è­˜ç·¨-ã§ã¯ã€è‰²ã€…ã‚ã£ãŸ2020å¹´ã‚ãªãŸãŒå­¦ã‚“ã çŸ¥è­˜ã‚’æŠ•ç¨¿ã—ã‚ˆã†ã€‚
ã©ã‚“ãªã‚¸ãƒ£ãƒ³ãƒ«ã®æŠ•ç¨¿ã§ã‚‚OKï¼  æ€ã‚ãšã€Œã¸ã‡ãƒ¼ã€ã€ŒçŸ¥ã‚‰ãªã‹ã£ãŸã€ã€Œé¢ç™½ã„ï¼ã€ã¨ãªã‚‹ã‚ˆã†ãªã‚¨ãƒ”ã‚½ãƒ¼ãƒ‰ã‚’æŠ•ç¨¿ã—ã‚ˆã†! 

å„ªç§€æŠ•ç¨¿è€…ã«ã¯2ä¸‡å††ã®å‹•ç”»åˆ¶ä½œæ”¯æ´é‡‘ã®ãƒãƒ£ãƒ³ã‚¹ï¼ å¥®ã£ã¦å¿œå‹Ÿã—ã‚ˆã†ï¼

æŠ•ç¨¿ã«éŸ³å£°ã‚„ãƒ†ã‚­ã‚¹ãƒˆã‚’å…¥ã‚Œã‚‹ã¨ã‚ˆã‚Šã‚ã‹ã‚Šã‚„ã™ããªã‚‹ã‹ã‚‚ï¼Ÿ",https://p77-sg.tiktokcdn.com/obj/tiktok-obj/8493b75559c67c7a23d0094032f0ae07
7,8166,tutorial,#AprendeEnTikTok cÃ³mo hacer lo que sea! MuÃ©stranos un #Tutorial que tenemos que aprender! ğŸ™Œ,https://p16-sg.tiktokcdn.com/obj/musically-maliva-obj/eca4f0ac54dc4ed1b2cf76ee6566cdc0
8,9658,volleyball,,
9,9622091,volleyballlove,,
10,78710648,volleyballworld,,
11,1677732212525058,timewarpscan,It's finally here. Try out our new #TimeWarpScan Creative Effect.,https://p16-sg.tiktokcdn.com/obj/musically-maliva-obj/8ea88bfe57d0ea5e517efbc3c39b669c
12,86182714,keÅŸfet,,
13,10858,turkey,,
14,7690880,kadÄ±n,,
15,15724562,erkek,,
16,49588762,aldatma,,
17,85393390,seniniÃ§in,"En sevdiÄŸimiz, canÄ±mÄ±z, birtanemiz, belki de ÅŸu sÄ±ralar pek sÄ±k gÃ¶remediÄŸimiz, sarÄ±lamadÄ±ÄŸÄ±mÄ±z annelerimizin gÃ¼nÃ¼ geldi! Hadi bugÃ¼n onlar iÃ§in Ã¶zel ÅŸeyler yapÄ±n, yaptÄ±klarÄ±nÄ±zÄ± Anneler GÃ¼nÃ¼ efekti ve ÅŸarkÄ±larÄ±yla sÃ¼sleyerek bizimle paylaÅŸÄ±n!",
18,1628000584060934,beniÃ¶neÃ§Ä±kart,"TikTok'ta Feature KazanğŸ˜
Tarih: 15-24 Mart
Åartlar: SevdiÄŸin bir mÃ¼ziÄŸi veya diyaloÄŸu TikTok'a yÃ¼kle, Ã§ekeceÄŸin videoya #beniÃ¶neÃ§Ä±kart hashtagini ekle! 
Ã–dÃ¼ller:  
1. Her gÃ¼n 5 videoya Feature!
2. Etkinlik sonunda, en iyi 3 video sahibi iÃ§in 3 gÃ¼nlÃ¼k Banner imkanÄ±!
3. Etkinlik sonunda, en fazla paylaÅŸÄ±lan 50 videonun (En az 1k izlenme) sahibine TikTok Ã¶zel tiÅŸÃ¶rtÃ¼ hediye!",https://p16-sg.tiktokcdn.com/obj/musically-maliva-obj/1628038157458437.PNG
19,46895020,mizah,,
20,6861,boys,Are you busy thinking about Boys?,
21,6597,girls,,
22,82819530,tÃ¼rkiye,,
23,5436,kids,,
24,48943,parents,,
25,5424,funny,,
26,42164,foryou,,
27,88764338,foryoupage,,
28,153828,fy,,
29,55704,dutch,,
30,8288,stitch,"Make the ultimate collab with your fav creators with our brand new feature, #STITCH! Just find a TikTok video you love, press share, and send it to Stitch.",https://p16-sg.tiktokcdn.com/obj/musically-maliva-obj/a7edf3200385b1060776e3d8a6612840
31,19336,humor,,
32,1659880875675654,sportplazagroenendaal,,
33,146833,zwemmen,,
34,629891,zwembad,,
35,7175571,glijbaan,,
36,74171342,badmeester,,
37,1669749936608421,badjuf,,
38,3191760,werken,,
39,25405636,glijbaanchallenge,,
40,159721,roblox,,
41,1139721,hacks,,
42,1351212,exploiting,,
43,1601050219394050,bunbungirls,,
44,5054,dance,,
45,12654842,garrafa,,
46,38180458,horadearrasar,Use o novo Modelo de VÃ­deo (MV) do TikTok e arrase na trend com suas melhores fotos! ğŸ˜,https://p77-sg.tiktokcdn.com/obj/tiktok-obj/4be9ef52956daf3f357575a507ffbd2a
47,5932,girl,,
48,19011,challenge,,
49,19036,musically,,
50,5636,music,,
51,101549,nederland,,
52,6028293,stamppot,,
53,1603519477711878,voorjoupagina,,
54,57050193,foodmeme,,
55,26073959,flodder,,
56,16315023,15sworkout,"Workout in just 15 seconds? â± Ready, set, go!",https://p16-sg.tiktokcdn.com/obj/musically-maliva-obj/81812ddc6094a3f596ca5db521e97e71
57,1674560229270534,pizzametananas,,
58,44406,noticeme,,
59,1652484531221509,xyzbca,,
60,5222,like,,
61,7283,comment,,
62,21848116,ruinourfriendship,,
63,9849928,loversinstead,,
64,11971,friendship,,
65,5433,friends,#FriendshipDay Contest: Create a musical with some #friends and share it on Instagram and here. The best ones get featured.,
66,667272,fatloss,,
67,3442799,gezond,,
68,9261,fitness,Deja aquÃ­ tus mejores tips y rutinas para siempre estar en modo #fitness ğŸ¤³,https://p16-sg.tiktokcdn.com/obj/musically-maliva-obj/2fad541156575f0a59467caa0c94f381
69,40970766,fitdutchie,,
70,1637301245475846,fitdutch,,
71,1658421612833797,vetverbranding,,
72,5984865,sportschool,,
73,6830763,voorjou,,
74,99082,netherlands,ğŸ‡³ğŸ‡± Hi NetherlandsğŸ‡³ğŸ‡±,
75,4483668,grindr,,
76,6285,gay,,
77,5849,boyfriend,,
78,11181,gains,,
79,19093,bodybuilding,,
80,12621,training,,
81,402512,formula1,Ever dreamed of being one of the characters in The Fast and the Furious? Now you can be Fast and Furious too with our race track sticker! Capture exciting moments of the Singapore Grand Prix this weekend with us ğŸ˜ğŸï¸,https://p16-sg.tiktokcdn.com/obj/musically-maliva-obj/ead74bcbb886b6e0e94803b15376ee4c
82,16520,f1,,
83,19074,racing,,
84,10835781,maxverstappen,,
85,2012369,redbullracing,,
86,10587,crash,,
87,23581,dnf,,
88,319790,badluck,,
89,22388969,imola,,
90,73525,areyoudumb,,
91,8071801,meester,,
92,3586,school,,
93,2989864,docent,,
94,5458476,leerling,,
95,16799,narutoshippuden,,
96,1468739,hokage,,
97,1669177511047173,meituremi,,
98,43983428,pakura,,
99,31169690,karinuzumaki,,
100,78989007,twitor,,
101,15638,amv,,
102,400687,animeedit,,
103,1679100559947777,_xny,,
104,103049,worldcup,,
105,2835054,laliga,,
106,5282,football,,
107,4858049,premierleague,,
108,28600,comments,,
109,6469,follow,,
110,1617044613240838,ğŸğŸğŸğŸğŸğŸğŸğŸ,,
111,1592201278761989,ğŸ‘ğŸ‘ğŸ‘,,
112,1624626732781573,standwithkashmir,,
113,5219,share,,
114,5157493,gymshark,,
115,157665,bodybuilder,,
116,1306028,supplements,,
117,1680357920762882,rizwandurrani57,,
118,8847,fight,,
119,5917,anime,,
120,2830462,animefight,,
121,61634,vs,,
122,127602,berry,,
123,13407834,pibes,,
124,65243,parati,,
125,44367,top10,,
126,139663,onepiece,,
127,1650495635493893,strongestcharacters,,
128,972834,animeboy,,
129,567732,luffy,,
130,262936,zoro,,
131,24499,animeedits,,
132,1654354737435653,animestiktok,,
133,15478,power,,
134,12201,legday,Every day is leg day. ,https://p16-sg.tiktokcdn.com/obj/musically-maliva-obj/0baf4e96e43e808eb387af27c733b32a
135,4374,boss,,
136,39435,ceo,,
137,35280,truestory,Thereâ€™s a story-teller in every single one of us! Tell us your favorite stories on your favorite topics!,https://p16-sg.tiktokcdn.com/obj/musically-maliva-obj/a73d5748aa813574e06f259720a28792
138,1677915174195202,linhacongelante,,
139,26550,mirror,,
140,47298,transition,,
141,10638098,dlaciebie,,
142,15678,reflection,,
143,1660594270036998,kapinha,,
144,9249,sike,,
145,5455,spooky,,
146,30865,kane,,
147,15262,wwe,,
148,5263,memories,,
149,12363,video,,
150,121359,undertaker,,
151,151602,goviral,,
152,19868,theboys,,
153,240332,worldseries,"The World Series is here, and we love October baseball. So whether you're rooting from your couch, practicing a curveball, or chasing a trophy, show us how you're getting in the #WorldSeries spirit.",https://p16-sg.tiktokcdn.com/obj/musically-maliva-obj/92604fcb5d99d259f2971514b1219964
154,1032690,gaminglife,"From gaming setups, to cosplay, collections and esports, show us what makes you a gamer with #GamingLife.",https://p16-sg.tiktokcdn.com/obj/musically-maliva-obj/fede5a38cf1375de56d488ad92b89a59
155,14198143,yumeko,,
156,2997693,billieeilish,,
157,17254322,bakugou,,
158,9819282,shoto,,
159,68940408,iidatenya,,
160,17768873,uraraka,,
161,30496,duet,Use our Duet feature because two is always better than one.,https://p16-sg.tiktokcdn.com/obj/musically-maliva-obj/dff7a84f4a6523e32f92b9a79b1e4d34
162,13842,strength,,
163,3370202,peopleareawesome,,
164,7882,gym,,
165,1670027527166981,bellaforteens,"Ğ£Ñ‡Ğ°ÑÑ‚Ğ²ÑƒĞ¹ Ğ² Ñ‡ĞµĞ»Ğ»ĞµĞ½Ğ´Ğ¶Ğµ #bellaforteens Ğ¸ Ğ²Ñ‹Ğ¸Ğ³Ñ€Ğ°Ğ¹ ĞºÑ€ÑƒÑ‚Ğ¾Ğ¹ ÑĞ¼Ğ°Ñ€Ñ‚Ñ„Ğ¾Ğ½ ÑĞµĞ±Ğµ Ğ¸ ÑĞ²Ğ¾ĞµĞ¹ Ğ›ĞŸ.  
Ğ¡Ğ½Ğ¸Ğ¼Ğ¸ Ğ²Ğ¸Ğ´ĞµĞ¾ ÑĞ¾ ÑĞ²Ğ¾ĞµĞ¹ Ğ¿Ğ¾Ğ´Ñ€ÑƒĞ³Ğ¾Ğ¹ Ğ¸Ğ»Ğ¸ Ğ¾Ğ´Ğ½Ğ°*, Ğ¸ÑĞ¿Ğ¾Ğ»ÑŒĞ·ÑƒÑ Ğ½Ğ°Ñˆ Ğ¼ÑƒĞ·Ñ‹ĞºĞ°Ğ»ÑŒĞ½Ñ‹Ğ¹ Ñ‚Ñ€ĞµĞº, Ğ²Ñ‹Ğ»Ğ¾Ğ¶Ğ¸ ĞµĞ³Ğ¾ Ğ² ÑĞ²Ğ¾ĞµĞ¼ Ğ°ĞºĞºĞ°ÑƒĞ½Ñ‚Ğµ Ñ Ñ…ÑÑˆÑ‚ĞµĞ³Ğ¾Ğ¼ #bellaforteens Ğ¸ Ğ¾Ñ‚Ğ¼ĞµÑ‚ÑŒ Ğ°ĞºĞºĞ°ÑƒĞ½Ñ‚ ÑĞ²Ğ¾ĞµĞ¹ Ğ¿Ğ¾Ğ´Ñ€ÑƒĞ³Ğ¸.    
Ğ‘ĞµĞ»Ğ»Ğ° Ğ²Ğ¼ĞµÑÑ‚Ğµ Ñ Ğ¾ÑÑ‚Ğ°Ğ»ÑŒĞ½Ñ‹Ğ¼Ğ¸ Ğ¿Ğ¾Ğ»ÑŒĞ·Ğ¾Ğ²Ğ°Ñ‚ĞµĞ»ÑĞ¼Ğ¸ TikTok Ğ²Ñ‹Ğ±ĞµÑ€ÑƒÑ‚ Ğ»ÑƒÑ‡ÑˆĞµĞµ Ğ²Ğ¸Ğ´ĞµĞ¾ Ğ¸ Ğ¿Ğ¾Ğ´Ğ°Ñ€ÑÑ‚ ĞºÑ€ÑƒÑ‚Ñ‹Ğµ Ğ¿Ğ¾Ğ´Ğ°Ñ€ĞºĞ¸.        

*ĞĞ·Ğ½Ğ°ĞºĞ¾Ğ¼ÑŒÑÑ Ñ Ğ¿Ğ¾Ğ»Ğ½Ñ‹Ğ¼Ğ¸ ÑƒÑĞ»Ğ¾Ğ²Ğ¸ÑĞ¼Ğ¸ Ñ‡ĞµĞ»Ğ»ĞµĞ½Ğ´Ğ¶Ğ° Ğ¿Ğ¾ ÑÑÑ‹Ğ»ĞºĞµ Ğ½Ğ¸Ğ¶Ğµ.",
166,10462387,ÑÑ‚Ğ°Ğ²Ñ€Ğ¾Ğ¿Ğ¾Ğ»ÑŒ,,
167,7849738,Ñ„ÑƒÑ‚Ğ±Ğ¾Ğ»,,
168,50321361,Ñ€ĞµĞº,,
169,49711363,Ñ€ĞµĞºĞ¾Ğ¼ĞµĞ½Ğ´Ğ°Ñ†Ğ¸Ğ¸,,
170,25396,rec,,
171,783626,recommendations,,
172,1596220248103942,4upage,,
173,82823074,traduÃ§Ã£o,,
174,24520,otaku,,
175,1629006937765893,animecasal,,
176,9865,bad,,
177,4172511,virall,,
178,1637342470396934,fypã‚·,,
179,25574,animation,Here's to the entire #Animation community on TikTok.,
180,1518,edit,,
181,414051,haikyuu,,
182,9641353,hinatashoyo,,
183,188522,weeb,,
184,3502625,zerotwo,,
185,89160535,darlinginthefranxx,,
186,1218445,waifu,,
187,1635792088679430,zerotwoedits,,
188,39526,jhope,,
189,3547606,junghoseok,,
190,1682332362147841,ê²€ë‘¥ê°œ,,
191,1645648014249989,bts_official_bighit,,
192,221825,ë°©íƒ„ì†Œë…„ë‹¨,,
193,1601902574970886,Ğ³Ğ»Ğ¾Ğ±Ğ°Ğ»ÑŒĞ½Ñ‹ĞµÑ€ĞµĞºĞ¾Ğ¼ĞµĞ½Ğ´Ğ°Ñ†Ğ¸Ğ¸,,
194,1599272765111301,Ñ€_Ğµ_Ğº_Ğ¾_Ğ¼_Ğ¸_Ğ½_Ğ´_Ğ°_Ñ†_Ğ¸_Ğ¸,,
195,7883,horse,,
196,9962,birthdaycake,,
197,48342,charli,,
198,1367,queen,,
199,8101,cake,,
200,84281,blm,,
201,3405007,groep8a,,
202,6448455,juf,,
203,43942235,foutekersttruiendag,,
204,12967792,tegroot,,
205,29217,badhair,,
206,1685798156357634,stokstruggles,,
207,14087,iloveit,I don't like it...I love it!ğŸ¥°,
208,312913,drunkface,,
209,1663237289523206,sonnelebensfroh,,
210,605,fun,,
211,268665,hoodiechallenge,"Step 1. Kunin ang hoodie
Step 2. Ipasok ang iyong mga paa sa loob ng hoodie
Step 3. Ilabas ang Kulit! 
Best musical.lys will get featured ğŸŒŸ",
212,1586643098186754,tiktokfriends,,
213,9034,thirsttrap,,
214,1657352642919446,missmarketing,,
215,578599,alberta,,
216,14848,canada,,
217,72764777,travelcanada,,
218,56511495,travelalberta,,
219,209254,banff,,
220,22948169,morainelake,,
221,72032957,jufjoyce,,
222,1621193750351877,verhuisvlog,,
223,21713,teacher,,
224,7888,comedy,We're excited to introduce #Comedy in the new Categories section! We wanna see your best original comedy skills! ğŸ˜‚ ğŸ˜‚ ğŸ˜‚,
225,133752,yesidothecooking,Who makes you do the cooking and cleaning...,
226,180049,pov,Is this what we really look like??? Show us what life looks like when the tables are turned with #POV.,https://p16-sg.tiktokcdn.com/obj/musically-maliva-obj/a866c69870892b6b10e0d7818c0a691b
227,1607698273721349,tiktoknl,,
228,34627183,viraal,,
229,1645938078147589,ios14,,
230,736776,freestylefootball,"Show off your âš½ï¸ skills, u could be the future Mo Salahâš½ï¸ğŸ”¥Ø£Ø±Ù†Ø§ Ù…Ù‡Ø§Ø±Ø§ØªÙƒ âš½ Ù…Ù† ÙŠØ¹Ù„Ù… Ù‚Ø¯ ØªÙƒÙˆÙ† Ø£Ù†Øª Ù‡Ùˆ Ù…Ø­Ù…Ø¯ ØµÙ„Ø§Ø­ Ø§Ù„Ù…Ø³ØªÙ‚Ø¨Ù„âš½",
231,7382,skills,,
232,33600,mask,,
233,257206,vindiesel,,
234,1686218434893826,vibewithvin,,
235,5760,not,,
236,370392,twisting,,
237,38251,hand,,
238,1678443855155201,hinkebeentje,,
239,16337408,hatseflats,,
240,1652470691777541,kerstinhuis,Hoe haal jij Kerst in huis?,https://p16-sg.tiktokcdn.com/obj/musically-maliva-obj/e30eb4ecf5a226c77510c401a70a46fd
241,30368892,vjp,,
242,328369,vj,,
243,5699200,daarbenikweer,,
244,43676,athome,,
245,108264,foru,,
246,13684791,fitnessgirls,,
247,1613234579980293,horrortok,Turn off the lights and pull up your covers: #HorrorTok is here.,https://p16-sg.tiktokcdn.com/obj/musically-maliva-obj/8998bc147360322e188b702906b85860
248,13593246,fitnesstips,"Whether you've mastered a perfect protein shake, or exercise while you sleep, show us your #FitnessTips.",https://p16-sg.tiktokcdn.com/obj/musically-maliva-obj/c9de3b49aa6fc7c12962c21f9678934d
249,83654094,chestdips,,
250,14521634,chestworkout,,
251,20822198,rijst,,
252,506775,lifehack,Â¿CÃ³mo mejoras lo que haces dÃ­a con dÃ­a? Â¡EnsÃ©Ã±anos tus mejores #lifehacks!,https://p16-sg.tiktokcdn.com/obj/musically-maliva-obj/0eb770e0403c29d544bbd744226045d8
253,11676828,foodhack,,
254,1596093786694662,Ñ…Ğ¾Ñ‡ÑƒĞ²Ñ€ĞµĞº,,
255,10832,lovely,,
256,1610231397448710,voorjouwpage,,
257,1385294,gekkies,,
258,4862581,internetgekkies,,
259,18602962,picobello,,
260,114226,hallo,,
261,393132,lachen,,
262,342980,nederlands,,
263,110908,jungkook,,
264,4175,bts,,
265,1364716,armybts,,
266,24235,colombian,,
267,1659229630555302,sinisterra,,
268,1497271,feyenoord,,
269,6192,soccer,"We all know something about soccer, share your favourite tips, tricks, moments and soccer facts.âš½

Make use of the Football playground sticker and share your facts.",
270,72695,celebrate,,
271,1646565626803205,georgerussell,,
272,12105,mercedes,,
273,65014260,qucee,,
274,1681317428992002,peterpiet,,
275,16800,naruto,,
276,4104246,temari,,
277,2273244,shikamaru,,
278,355126,gaara,,
279,15136,vibe,,
280,1644,drums,D is for Drums...,
281,5478,happy,,
282,1248236,asmr,Use this sound to create the moooost satisfying vidsğŸ¥º,
283,1682467415761925,globbleasmr,,
284,83053374,Ñ‚ÑƒÑ‚Ğ¾Ñ€Ğ¸Ğ°Ğ»,,
285,9294097,Ğ°Ğ½Ğ¸Ğ¼Ğµ,,
286,34736956,Ğ½Ğ°Ñ€ÑƒÑ‚Ğ¾,,
287,1684510104404994,limonka_pechenka,,
288,26239,checkitout,,
289,42921444,diadecao,,
290,5888157,bulldogfrances,,
291,37098,frenchie,,
292,153045,helloworld,,
293,1663943257809921,helloworldanime,,
294,1639715876236294,animereccomendations,,
295,5527512,sadanime,,
296,10591032,romanceanime,,
297,1655763,gnc,,
298,18001,muscle,,
299,31667995,smallbusiness,"Whether you're running your own shop, or supporting local favorites, we're here for all things #SmallBusiness.",
300,70910292,Ğ´ĞµÑ‚Ğ¸Ğ¼Ğ¾Ñ€Ñ,,
301,69542140,ÑĞ´Ğ¸Ñ‚,,
302,1619808690855942,globalrecommendations,,
303,7587685,recomendation,,
304,1658361505088518,Ğ°Ğ½Ñ‚Ğ¼ĞµÑĞ´Ğ¸Ñ‚,,
305,1652650113802246,geraÃ§Ã£otiktok,"NÃ£o importa se nas fÃ©rias vocÃª irÃ¡ voltar para casa ou passar ela com os amigos, mostre-nos como vocÃª estÃ¡ celebrando esse perÃ­odo festivo com os amigos e familiares, e faÃ§a a diferenÃ§a com #GeraÃ§Ã£oTikTok. Nessas fÃ©rias, a TikTok irÃ¡ doar US$1.5 milhÃµes para ajudar a UNICEF a fornecer assistÃªncia humanitÃ¡ria e de desenvolvimento para crianÃ§as e suas famÃ­lias em todo o mundo.",https://p16-sg.tiktokcdn.com/obj/musically-maliva-obj/9b536efb0af6a6d752048c8d493dcab3
306,198719,trans,,
307,83463425,pravoce,,
308,3231130,acre,,
309,86070036,homemtrans,,
310,1424987,lgbtqi,,
311,32869636,omundogirou,,
312,14426,attackontitan,,
313,37381,snk,,
314,62517,mikasa,,
315,155776,shingekinokyojin,,
316,89072590,jontysquad,,
317,1677014846094337,faheemsajjad07,,
318,1641016955260929,standwithkashimr,,
319,5629,slowmo,,
320,85133,viralvideo,,
321,1659798081084418,kanojookarishimasu,,
322,1638067925474310,rentagirlfriend,,
323,4236,kawaii,,
324,22597,girlfriend,,
325,1664403131167745,satndwihkashmir,,
326,1637289623965702,sameerkahn,,
327,5333,drawing,,
328,16811,squat,,
329,112734,powerlifting,,
330,1593755756043270,powerliftingmotivation,,
331,76533253,indoorcycling,,
332,1646255201556486,indoorcyclinginstructor,,
333,619951,soulcycle,,
334,1598498371111942,foryourpage,,
335,82952935,beyonce,,
336,216787,crazyrightnow,,
337,13666,lit,,
338,6926,fire,,
339,1616966643636229,fypp,,
340,16540,hiit,,
341,86461349,hiitworkout,,
342,1681712857445381,bodybyberg,,
343,1636507184076805,bawzarmy,,
344,4231,love,,
345,5163,family,,
346,5243,workout,,
347,66006,weight,,
348,6888,relatable,,
349,17641,facts,,
350,8004,pain,,
351,493039,motivationmonday,Kickstart your week with some #MotivationMonday.,
352,39142,athlete,,
353,127425,fanedit,Who do you stan?,https://p16-sg.tiktokcdn.com/obj/musically-maliva-obj/e2b491a46f79a98d8ab33cc990568c64
354,1778930,myhobby,What's your hobby?,
355,22835,motivation,,
356,24992,abc,,
357,83864775,Ù‚Ø±Ø§Ù†,,
358,8248701,koran,,
359,20105,trending,,
360,10917273,arnhem,,
361,72381,trends,,
362,71585,tik,,
363,431293,horsegirl,,
364,8097,equestrian,,
365,3088336,equestrianlife,,
366,8676593,horsememes,,
367,1608125691213829,horsesoftiktok,,
368,1658421424657409,covid2020,,
369,6772,yolo,,
370,677152,herkenbaar,,
371,1667028824349701,à¶´à·œà¶©à·’,,
372,1673426713535489,à¶‡à·€à·’à¶½à·Šà¶½à·,,
373,341206,vedio,,
374,1667850055454722,à¶šà¶»à¶±à·€à·_,,
375,1674091045941249,à¶¯à·”à·€à¶±à·€à·,,
376,14495,mine,,
377,104435,koe,,
378,504218,mindfuck,,
379,1538941,snelheid,,
380,134465,jajajaja,,
381,24476,ja,,
382,4539562,dochter,,
383,1671924095036422,queensover30,,
384,1671942709149702,queensonfyp,,
385,87406586,fifa21,,
386,805746,fifaskills,,
387,6458143,korthom,,
388,2046559,schooltour,,
389,1605650236890117,4yp,,
390,7901539,gloryxv,,
391,121516,limitededition,,
392,2464977,blowthisup,,
393,11430,blessed,,
394,1647134557084677,daniilkvyat,,
395,14184431,tororosso,,
396,8104856,sportlover,"Show us your passion of sports! Cricket, basketball, working outâ€¦ Let us know how much you love sports! The more creative, the better! The TikTok team will choose the most creative one to give out a smartphone as the prize!",
397,57878271,danielricciardo,,
398,12573,redbull,,
399,65680285,valtteribottas,,
400,1639598605846533,ambev,,
401,3069639,brahma,,
402,3517681,gemelas,,
403,7858998,destacame,,
404,44895,trend,,
405,85832,dancechallenge,,
406,29677,baile,,
407,12899,twins,,
408,58529,outfits,Share your choice of outfits!! âœ¨â¤ï¸,
409,9928,boy,,
410,12155,lgbt,,
411,22641,latino,,
412,10465,slow,,
413,17565,deadlift,,
414,1617686924395526,fittok,"ëª¸ë§¤ê°€ ì¢‹ì•„ì•¼ í•  ìˆ˜ ìˆë‹¤ëŠ” ìƒê°ì€ ë²„ë ¤ë¼! ìš´ë™ì„ í•˜ëŠ” ê²ƒë§Œìœ¼ë¡œë„ ë‹¹ì‹ ì€ ì´ë¯¸ FitToker ğŸ’ª
FitTokerê°€ ë˜ê¸° ìœ„í•œ ì²« ë²ˆì§¸ ë„ì „ìœ¼ë¡œ ë‹¹ì‹ ë§Œì˜ push upì„ ë³´ì—¬ì£¼ì„¸ìš”â€¼ï¸",
415,1637395300966405,powertok,,
416,34124,hbk,,
417,798249,shawnmichaels,,
418,9453010,mickfoley,,
419,259781,stonecold,,
420,8637000,leagueofnations,,
421,4209,wwf,,
422,57511693,tiktokindia,Be the change.musical.ly is now TikTok@indiatiktok #tiktokindia,
423,21854,acting,,
424,1640911455753222,burhan_tv,,
425,14817,featureme,Use the new hashtag #FeatureMe to increase your chances of getting featured on TikTok!ğŸ™‹ğŸ™‹ğŸ½,
426,9145,famous,,
427,68425413,vairal,,
428,214209,100k,,
429,5152318,illu,,
430,10800,vibes,,
431,84560733,vibecheck,Can you pass the #VibeCheck?,https://p16-sg.tiktokcdn.com/obj/musically-maliva-obj/819b790282c1f98f26a40c12ef71a90c
432,15710,tokyoghoul,,
433,15711,kaneki,,
434,24740,army,,
435,7221,military,,
436,9767,help,,
437,61142,usarmy,,
438,311233,veteran,,
439,1678823184365574,altrocktober,"TikTok is all about Alt Rock, so this month, we're celebrating #AltRocktober. So whether it's vintage merch, perfect playlists, or classic bands, here's to all things Alt Rock.",https://p16-sg.tiktokcdn.com/obj/musically-maliva-obj/74c256598a95b961a6b659ae4de3b22c
440,36677,marines,,
441,78162392,tiktokbrasil,,
442,46792406,3tambores,,
443,8253,horses,,
444,1672385592652805,sentanofazendeiro,,
445,19426452,fazendeiro,,
446,801886,greenscreen,"Try out the #GreenScreen Creative Effect! Check out the latest trends using #greenscreen for some inspiration. Just pick an image from your camera roll, stand in front of a plain background, and make the next TikTok masterpiece.",https://p16-sg.tiktokcdn.com/obj/musically-maliva-obj/e69896f9fc0e263ce07146644fdb1ae4
447,25560,navy,,
448,108769,airforce,,
449,386472,coastguard,,
450,10058112,firyou,,
451,1642982665267205,gimmesometruth,"We're celebrating John Lennon's 80th birthday this week, so whether you're covering a song, or teaching us about his legacy, join the community and honor one of the greatest songwriters of his generation.",https://p16-sg.tiktokcdn.com/obj/musically-maliva-obj/dba522fc2f00ee68bcf12d023536898c
452,13216,lift,,
453,23312,kungfu,,
454,69100177,chinesekungfu,,
455,419157,shapeshifter,,
456,1030900,shapeshifting,,
457,1681950897702917,toolstour,,
458,11417614,drillbit,,
459,2897906,electrician,,
460,85077,tools,,
461,1604894787222533,amazonfinds,,
462,1603031833008133,homedep,,
463,10402140,equestriangirls,,
464,49654102,shelookssoperfectchallenge,,
465,1988903,americanapperal,,
466,6966466,reiner,,
467,1627354606301253,modelfood,,
468,4361,model,,
469,66390205,eritreanmusic,,
470,1638738865659910,habeshatiktok,,
471,35322719,eritreangirl,,
472,6688,smile,"Smile For Me~~ 
å‹é”ã‚’èª˜ã£ã¦ã€ä¸€ç·’ã«ã‚¹ãƒã‚¤ãƒ«ãƒ€ãƒ³ã‚¹ã‚’å§‹ã‚ã‚ˆã†ï¼åŒã˜ãƒ€ãƒ³ã‚¹ã§ã‚‚ã€ç•°ãªã‚‹ã‚„ã‚Šæ–¹ã§å…¨ãé•ã†é¢ç™½ã•ãŒä¼ãˆã‚‹ã®ã§ã€ä¸€ç•ªé¢ç™½ã„ãƒ€ãƒ³ã‚µãƒ¼ã‚’ç›®æŒ‡ãã†ï¼",
473,1681081902185474,habeshahousee,,
474,1648997583042566,habeshazoom,,
475,559221,gy,,
476,1669478018299909,eritreatime,,
477,72593031,weightlossprogress,,
478,32620900,weightlosstransformation,,
479,1607491836030982,wlsjourney,,
480,1635517932557318,weightlossjournal,,
481,10645279,wls,,
482,5232132,fashionhacks,,
483,10862,greece,,
484,65207751,fitdutchies,,
485,1604302285252613,fypage,,
486,152536,trucks,,
487,1628131757885442,tiktoktruckers,,
488,1683783080557570,50tonarmyğŸ˜œ,,
489,1681011083843586,ahmad_star_1,,
490,83460,harp,,
491,18146,cover,,
492,1681801053611009,sandroscalia1999,,
493,16362,jokes,,
494,5763315,kenma,,
495,8791034,haikyuuedit,,
496,17654160,livewallpaper,,
497,1655448174992389,animelivewallpaper,,
498,1662362825559045,livewallpaperanime,,
499,1663510912589829,verkeersagressie,,
500,1684443703203842,verkeershufter,,
501,10384960,verkeer,,
502,245447,cbr,,
503,8141,for,,
504,7654,minecraft,,
505,6181,mc,,
506,729283,minecrafter,,
507,20931491,minecraftbuilding,,
508,13406999,minecrafthacks,,
509,729276,minecraftpe,,
510,25091686,minecraftmemes,,
511,16057,gaming,"Stock up on extra lives, because we're celebrating the #Gaming community. Show us what you're playing, where you play, and your top recommendations!",https://p77-sg.tiktokcdn.com/obj/tiktok-obj/799adcfd04c9e1f56fcaadd254ed7d11
512,19274,games,,
513,248481,gamers,,
514,122940,xyz,,
515,13532,chicken,,
516,870111,eten,,
517,6345618,koken,,
518,18973,cooking,,
519,91639,nl,,
520,75746019,fpodie,,
521,5718,food,,https://p77-sg.tiktokcdn.com/obj/tiktok-obj/1616636707043489.JPEG
522,18987,snacks,,
523,1679976204670978,haagschekeuken,,
524,1685594037251073,onskerstmenu,Hoe ziet jouw Kerstmenu er uit?,https://p16-sg.tiktokcdn.com/obj/musically-maliva-obj/a3065531fb61956afb067bbb150f6e24
525,1824394,picassobaby,,
526,4028926,motorsport,,
527,7887,sports,,
528,37978088,googlesheets,,
529,2202596,excel,,
530,13408589,spreadsheet,,
531,31838,ferrari,,
532,719351,mclaren,,
533,134122,hamilton,,
534,95133,senna,,
535,16199277,verstappen,,
536,71719676,schumacher,,
537,24308916,Ø¬ÙŠØ´_Ø¨ÙƒØ±ÙŠ,,
538,73438450,Ø§ÙƒØ³Ø¨Ù„ÙˆØ±Ø±,,
539,88952052,Ù‡ÙˆÙ„Ù†Ø¯Ø§,,
540,1592332936817670,Ø§Ù„Ø³Ø¹ÙˆØ¯ÙŠØ©ğŸ‡¸ğŸ‡¦,,
541,1614790030667782,Ø³ÙˆØ±ÙŠØ§ğŸ‡¸ğŸ‡¾,,
542,1622404908573702,Ø§Ù„Ø¹Ø±Ø§Ù‚ÙŠğŸ‡®ğŸ‡¶,,
543,805462,ÙÙ„Ø³Ø·ÙŠÙ†,,
544,85010358,Ğ²Ñ€ĞµĞºĞ¾Ğ¼ĞµĞ½Ğ´Ğ°Ñ†Ğ¸Ğ¸,,
545,16672546,productivity,How do you stay productive? Show us your tips.,
546,20290,hoe,,
547,16276,marvel,,
548,128971,memes,,
549,1889,squad,,
550,16634,abs,,
551,1684334349455362,asosintheba,,
552,2120348,duisburg,,
553,70501,ronaldo,,
554,21868117,worko,,
555,1666604846846977,sl__king,,
556,2291064,gelding,,
557,49442,barrelracer,,
558,1612725167374342,rodelife,,
559,1168662,boruto,,
560,39719605,konohomaru,,
561,1600076933991429,Ğ¼Ğ¾Ğ¶Ğ½Ğ¾Ğ²Ñ€ĞµĞº,,
562,6430,how,,
563,1353444,howdidhedothat,,
564,40675172,holidaycrafts,Who needs to buy holiday decorations when you can make holiday decorations? Show us your #HolidayCrafts.,
565,51429599,asagaotokasesan,,
566,1674257299477510,asagaotokasesanedit,,
567,5364421,yamada,,
568,2362385,kase,,
569,70765279,animeyuri,,
570,28038,yuri,,
571,1592201079170053,ğŸ³ï¸â€ğŸŒˆ,,
572,37089116,yuriedit,,
573,1615925087793158,doublebodyweight,,
574,13318,squats,,
575,1666884633560070,coachpiyush,,
576,10351456,olympiclifting,,
577,887476,olylifting,,
578,1650637516423173,weightliftingcoach,,
579,1679807193302018,ÑƒĞ¼ĞµĞ½ÑĞ»ÑĞºÑ,"ĞĞ¾Ğ²Ñ‹Ğ¹ Ñ‡ĞµĞ»Ğ»ĞµĞ½Ğ´Ğ¶!

ĞŸĞ¾Ğ²Ñ‚Ğ¾Ñ€Ğ¸ Ñ‚Ğ°Ğ½ĞµÑ† Ğ² Ğ´Ğ²ÑƒÑ… Ğ¾Ğ±Ñ€Ğ°Ğ·Ğ°Ñ… â€” Ğ»ÑĞ±Ğ¸Ğ¼Ğ¾Ğ³Ğ¾ Ğ¼ÑƒĞ·Ñ‹ĞºĞ°Ğ½Ñ‚Ğ° Ğ¸ Ğ³ĞµÑ€Ğ¾Ñ ĞºĞ¸Ğ½Ğ¾ Ñ Ñ…ĞµÑˆÑ‚ĞµĞ³Ğ¾Ğ¼ #ÑƒĞ¼ĞµĞ½ÑĞ»ÑĞºÑ. Ğ¢Ñ‹ ÑĞ¼Ğ¾Ğ¶ĞµÑˆÑŒ, Ğ¼Ñ‹ Ğ² Ñ‚ĞµĞ±Ñ Ğ²ĞµÑ€Ğ¸Ğ¼ âœ¨

Ğ Ğ¿Ğ¾ Ğ¿Ñ€Ğ¾Ğ¼Ğ¾ĞºĞ¾Ğ´Ñƒ LUXE ÑĞ¼Ğ¾Ñ‚Ñ€Ğ¸ Ñ„Ğ¸Ğ»ÑŒĞ¼Ñ‹ Ğ¸ ÑĞ»ÑƒÑˆĞ°Ğ¹ Ğ¼ÑƒĞ·Ñ‹ĞºÑƒ Ğ±ĞµÑĞ¿Ğ»Ğ°Ñ‚Ğ½Ğ¾ 3 Ğ¼ĞµÑÑÑ†Ğ° Ğ½Ğ° ĞšĞ¸Ğ½Ğ¾ĞŸĞ¾Ğ¸ÑĞº HD Ğ¸ Ğ¯Ğ½Ğ´ĞµĞºÑ.ĞœÑƒĞ·Ñ‹ĞºĞµ ğŸ§¡",
580,42928065,Ñ‚Ñ€ĞµĞ½Ğ´,,
581,83091922,Ğ¿ĞµÑ€ĞµĞ¿Ğ¸ÑĞºĞ°,"Ğ˜ÑĞ¿Ğ¾Ğ»ÑŒĞ·ÑƒĞ¹Ñ‚Ğµ Ğ½Ğ¾Ğ²Ñ‹Ğ¹ ÑÑ‚Ğ¸ĞºĞµÑ€ Ğ² TikTok Ğ¸ ÑĞ½Ğ¸Ğ¼Ğ¸Ñ‚Ğµ Ğ²Ğ¸Ğ´ĞµĞ¾ Ñ Ğ²Ğ°ÑˆĞµĞ¹ Ñ€ĞµĞ°ĞºÑ†Ğ¸ĞµĞ¹ Ğ½Ğ° ÑĞ°Ğ¼ÑƒÑ ÑÑ‚Ñ€Ğ°Ğ½Ğ½ÑƒÑ Ğ¿ĞµÑ€ĞµĞ¿Ğ¸ÑĞºÑƒ, ĞºĞ¾Ñ‚Ğ¾Ñ€Ğ°Ñ Ñƒ Ğ²Ğ°Ñ Ğ±Ñ‹Ğ»Ğ° ğŸ˜œ",
582,4015283,ÑĞ¾Ğ²ĞµÑ‚,,
583,675132,Ğ´ÑƒÑˆĞ°,,
584,3333318,Ğ»ÑĞ±Ğ¾Ğ²ÑŒ,,
585,5637,popular,,
586,22907,top,,
587,119248,ff,,
588,1667273660784646,haikyuuff,,
589,10628385,creatine,,
590,979793,paprazzi,,
591,1683546443287554,gevrlijk,,
592,1963443,tekenen,,
593,1642147571873798,yzfamily,,
594,5457735,fÃ¼rdich,"Ein Song der nie vergeht!

Macht mit beim neuen Remix von @diemai ğŸ˜  
Einfach ein Duett machen zur aktuellen Single &amp;amp;amp;amp;amp;amp;amp;amp;amp;amp;quot;FÃ¼r Dich&amp;amp;amp;amp;amp;amp;amp;amp;amp;amp;quot; und ein live.ly Meet&amp;amp;amp;amp;amp;amp;amp;amp;amp;amp;amp;Greet mit Vanessa Mai gewinnen ğŸ”¥",
595,1644051038697478,clownerij,,
596,21300,ah,,
597,1648124912437254,appiestrijders,,
598,1625483039780869,fyyp,,
599,82334557,Ø§Ù„Ø­Ù‚,,
600,1622408585863174,Ù…Ø³ÙŠØ­ÙŠÙ†,,
601,1683073019195393,Ø§Ù„Ø§Ù†Ø­ÙŠÙ„,,
602,1609344092984325,ÙŠØ³ÙˆØ¹,,
603,81521863,Ù…Ø­Ø¨Ù‡,,
604,26811239,bijbel,,
605,178716,religion,,
606,34238,respect,,
607,64205728,Ø§Ø³Ù„Ø§Ù…,,
608,31808843,christelijk,,
609,1656059712489478,middenoosten,,
610,1650899858152453,Ø³ÙˆØ±Ø§ÙŠØ§_Ø§Ù„Ø¹Ø±Ø§Ù‚,,
611,1598357610597382,Ø§Ù„ÙƒØªØ§Ø¨,,
612,1666377605870614,exvriend,,
613,10642590,relatie,,
614,34995755,relatieproblemen,,
615,158412,grappig,,
616,1616773716540422,grappigevideos,,
617,1596535628576774,grappigefilmpjes,,
618,1656178156368902,relatietest,,
619,71186282,exvriendjes,,
620,797270,exen,,
621,577391,makeuplook,Show us your #MakeupLook.,https://p16-sg.tiktokcdn.com/obj/musically-maliva-obj/c5324701f63a6105361e1659b347c671
622,5782468,easymakeup,,
623,1680819220184070,positionsarianagrande,,
624,14691,curlyhair,,
625,46584,desi,,
626,9407,indian,,
627,1670219482761222,blushmark,,
628,14116531,raadsel,,
629,1661427943820293,raadselvandedag,,
630,7247124,cijfers,,
631,89825,klok,,
632,3560,daughter,,
633,15379,surprise,,
634,10007,birthday,,
635,6057,mom,,
636,5298304,bf1,,
637,22380,mickeymouse,,
638,139914,beanie,,
639,1652813926146053,xybca,,
640,84575,blackfriday,First rule for Black Friday shopping: 1. There are no rules! ğŸ˜,
641,1602529982146565,supportsmallbusiness,,
642,730227,colourpop,,
643,31765812,amongus,,
644,78229829,diorsauvage,,
645,2224895,gamen,,
646,10253724,hertje,,
647,1658262235040838,f1tiktok,,
648,11860591,sebastianvettel,,
649,7749,joy,,
650,1636073407917061,totowolff,,
651,332524,depay,,
652,20398,lion,,
653,40720,icon,,
654,7279,sport,Viens nous montrer ton sport ! ğŸ’ª,
655,81050074,interland,,
656,74948230,pubg,,
657,1636310942330885,Ø§ÙƒØ³Ø¨Ù„ÙˆØ±Ø±Ø±Ø±Ø±Ø±Ø±,,
658,1622735713624069,Ù…Ø¶Ø±Ø·Ù‡,,
659,1665401685501093,Ù…Ø§Ù‡Ø±ÙƒÙˆ_Ø§Ù„Ø¨ÙŠØ¶,,
660,44167,abn,,
661,1648295209765893,Ù…Ø§Ù‡Ø±ÙƒÙˆ,,
662,1609583775612934,Ø¨Ø¨Ø¬ÙŠ,,
663,35028,ish,,
664,10515,world,,
665,79297,list,,
666,1612305372123141,gaytiktok,,
667,20978,loveislove,LOVE IS THE MOVEMENT â¤ï¸  LOVE IS THE FUTURE â¤ï¸  Show us what #LoveIsLove means to you as we continue to celebrate Pride Month! ğŸŒˆğŸŒˆğŸŒˆ,
668,1666253127600134,Ø´Ù„Ø©_Ù‡ÙˆÙ„Ù†Ø¯Ø§,,
669,10120797,Ø³ÙˆØ±ÙŠØ§,,
670,48156,kat,,
671,16457,lifting,,
672,190708,disrespectyoursurroundings,,
673,11384997,ourtype,Pick one and show us your type.,https://p16-sg.tiktokcdn.com/obj/musically-maliva-obj/e1898358548850f6e58f096fef79d5ad
674,4940301,weebs,,
675,765451,anime4life,,
676,8798,kakashi,,
677,20726,gon,,
678,5177687,rocklee,,
679,1672470214795269,caminatadelos80,,
680,73492,lgbtq,L is for LGBTQ+,
681,83268,marriedlife,,
682,8247,singing,"If you or someone you know wants to show off your singing talent, do it here. Now is the time to upload your video, show off your skills ... and maybe even get discovered.",
683,8599900,wlw,,
684,5394246,girlswholovegirls,,
685,1582562928207885,tiktokfood,"Recipes, reviews and good eats.",
686,14318,wife,,
687,4604835,fullmetalalchemistbrotherhood,,
688,1190736,fmab,,
689,68790565,edwardxwinry,,
690,4397437,otakugirl,,
691,1679384911631366,rhymepov,These rhymes hit a little too close to home...,https://p16-sg.tiktokcdn.com/obj/musically-maliva-obj/b1f9b27b7a16e24444d8416c5407ee5d
692,7808248,guysensei,,
693,2739566,cheval,,
694,228382,farmlife,"We're celebrating all things #FarmLife, so whether you're tending cattle, corralling a few horses, or just hitting the hay, show us how you're living the #FarmLife.",https://p16-sg.tiktokcdn.com/obj/musically-maliva-obj/ae2b5dc3dea67b38c4b7f0e15a22d236
695,525906,animegirl,,
696,5457,aqua,,
697,242388,imjealous,"What are you jealous of? Whether you need a little more attention, or just ignore the haters, show us those moments that make people say &amp;quot;I'm Jealous&amp;quot; by using Bebe Rexha's new track, Baby I'm Jealous, featuring Doja Cat.",https://p16-sg.tiktokcdn.com/obj/musically-maliva-obj/92a6bb8f27529bed7f607bfbaa5196f6
698,768181,streaming,,
699,15934984,whatthehellareyoutalkingabout,,
700,1666706725315590,kallyeskally,,
701,659174,ingles,,
702,1408491,maquillaje,,
703,43268,4u,,
704,40128,singer,,
705,26872,singalong,,
706,2357,ohno,"Oh no, show us those moments that didn't turn out well.",https://p16-sg.tiktokcdn.com/obj/musically-maliva-obj/a6b2700b0e27883dd3fe3e0b4a80d57d
707,185148,2020,,
708,60569,breakdown,,
709,1745,lol,"Can you laugh any louder?ğŸ™„
How to shoot: 

1. Click the shoot icon. 
2. Click on &amp;quot;add sound&amp;quot;
3. Add your meme text. 
4. Have fun!",https://p16-sg.tiktokcdn.com/obj/musically-maliva-obj/a3237c664af342f99d4f97515e4834a5
710,5541,bestfriend,,
711,5878100,programming,,
712,596818,coding,,
713,7477214,developer,,
714,77884991,codinglife,,
715,34958219,codinggirl,,
716,62310,tech,,
717,1592680347910150,compsci,,
718,2088,nerd,,
719,18620,java,,
720,3098618,nerdjokes,,
721,163195,python,,
722,1223775,muziek,,
723,3039,twerk,,
724,31876,tt,,
725,9122,prank,,
726,1640053068795910,ondreazlopez,,
727,16555424,tonylopez,,
728,16211851,lopezbrothers,,
729,5236,behindthescenes,Shooting TikTok videos is NOT easy! Show us what it actually looks like behind the scenes of your creative work! ğŸ¥,
730,650199,benchpress,,
731,1621238458144773,floorpress,,
732,44737,powerlifter,,
733,406043,powerlift,,
734,8710,strong,,
735,335226,volleybal,,
736,1741293,laat,,
737,15836854,temelig,,
738,111848,giraffe,,
739,14912,carwash,,
740,11341144,beeksebergen,,
741,5682742,brabant,,
742,18347,holland,,
743,5399,nature,,
744,5223,cute,,
745,6022,animal,,
746,114065,themepark,,
747,5256,car,,
748,88511041,thekiryalife,,
749,24828,reaction,,
750,323366,pickupline,,
751,35121425,Ğ¿Ñ€Ğ°Ğ½Ğº,,
752,62535371,Ñ€ĞµĞ°ĞºÑ†Ğ¸Ğ¸,,
753,9365012,thereforeiam,Get my pretty name out of your mouth ğŸ‘„,
754,5391,makeup,"Esta vez se trata de los 90s, crea el look mÃ¡s noventero con el audio recomendado.",https://p16-sg.tiktokcdn.com/obj/musically-maliva-obj/20685fd9b62d4e4dc6c749cad44a3ff9
755,1682934879218690,thereforeiambillieeilish,,
756,1639908894714881,fypageã‚·,,
757,626155,behindthescene,,
758,356908,voetbal,,
759,1617933533777061,businesscoach,,
760,1359766,zelfvertrouwen,,
761,1361596,presence,,
762,1630541479496709,businessmentor,,
763,45948390,bedrijf,,
764,1633510888721430,tiktokforbusiness,,
765,46541145,stappenplan,,
766,1662858147271685,groeiendondernemen,,
767,1685809686057986,zotekenje,,
768,6400991,tendou,,
769,1406006,procreate,,
770,16149891,blackwhitechallenge,,
771,36594,draw,,
772,5261,art,,
773,1663326198700037,fa2gang,,
774,51570,jp,,
775,17847,trickshot,Use the &quot;sports&quot; category and try to nail the sickest #TrickShot!! ğŸ€ ğŸ™Œ,
776,322871,goedemorgen,,
777,5434574,powernap,,
778,1427103,broodje,,
779,388836,schnitzel,,
780,15782,foodporn,,
781,1678456968779777,anythingface,My face just went to other placesğŸ˜‰,https://p16-sg.tiktokcdn.com/obj/musically-maliva-obj/b455a982b9f9ee332c1e738ce768790c
782,251048,foodie,"Hey #Foodies! We want to see the most unique ways you can use food! ğŸ³ğŸ¥‘ğŸŒ® No lip syncs, just get creative using #Foodie ",
783,71977,youbetterrun,"Hey, you'd better reconsider itğŸ˜¶",
784,518006,komedie,,
785,205817,grapje,,
786,2608622,ouders,,
787,47079,aesthetics,,
788,15676,exercise,,
789,14130,behappy,,
790,82058,positivevibesonly,,
791,1161690,kakashihatake,,
792,280468,1m,,
793,17927,b,,
794,87569,opinion,,
795,10209635,preference,,
796,58843,politics,,
797,11384,goat,,
798,3032837,abdos,,
799,340815,absworkout,,
800,1646470815446021,entrainementalamaison,,
801,1667834385943558,tiktokacademie,"Le savoir et la connaissance sont Ã  l'honneur sur TikTok !
Cette catÃ©gorie sera mise en avant pendant plusieurs semaines et les partenaires et crÃ©ateurs les plus performants seront soutenus par TikTok. Partage ta culture, tes connaissances, ton savoir, sur tous les sujets et inspire ta communautÃ© Ã  devenir encore plus crÃ©ative en utilisant le hashtag #TikTokAcademie !",
802,72234232,costurar,,
803,1669595301582854,viralizoou,,
804,1675303764430854,viralizoupostou,,
805,1599493383979009,holidaytiktok,Grab your decorations and embrace the holiday aesthetic. Welcome to #HolidayTikTok.,
806,5605696,rnbvibes,"We're celebrating R&amp;amp;B all month long, so whether you're working on your solo, or just love writing music, show us those #RnBVibes.",https://p16-sg.tiktokcdn.com/obj/musically-maliva-obj/63bcaa70e125e12f16a53526871ec8d0
807,1645876049175557,fupã‚·,,
808,1598370841351173,Ğ²Ğ¾Ğ»ĞµĞ¹Ğ±Ğ¾Ğ»Ğ°Ğ½Ğ¸Ğ¼Ğµ,,
809,7026615,Ğ²Ğ¾Ğ»ĞµĞ¹Ğ±Ğ¾Ğ»,,
810,1627558361621509,Ğ°Ğ½Ğ¸Ğ¼ĞµÑĞ´Ğ¸Ñ‚,,
811,4628142,bokuto,,
812,2007258,akashi,,
813,4865401,kageyama,,
814,684925,hinata,,
815,5434,life,,
816,7974,is,,
817,5505,a,,
818,1592305568160774,beautifulğŸ˜,,
819,7950,story,,
820,1595388839894021,melodictechno,,
821,40653,housemusic,,
822,12254,techno,,
823,4611788,eletronicmusic,,
824,1673666573981701,axaviacion,,
825,3135279,devilchallenge,Â¿Eres un ğŸ˜‡  o ğŸ˜ˆ ? Utiliza el efecto y saca tu lado mÃ¡s creativo,https://p16-sg.tiktokcdn.com/obj/musically-maliva-obj/f4bd5acbf3d0c05eb54b7b9b4c7b5af2
826,14927,russia,"Ğ”Ğ»Ñ Ğ±Ğ¾Ğ»ÑŒÑˆĞµĞ³Ğ¾ ÑˆĞ°Ğ½ÑĞ° Ğ¿Ğ¾Ğ¿Ğ°ÑÑ‚ÑŒ Ğ² #ĞÑ‚Ğ¾Ğ±Ñ€Ğ°Ğ½Ğ½Ğ¾Ğµ Ğ¸ Ğ½Ğ°Ğ¹Ñ‚Ğ¸ Ğ¼ÑŒÑĞ·ĞµÑ€Ğ¾Ğ² Ğ¸Ğ· Ğ’Ğ°ÑˆĞµĞ¹ ÑÑ‚Ñ€Ğ°Ğ½Ñ‹, ÑÑ‚Ğ°Ğ²ÑŒÑ‚Ğµ Ğ¿Ğ¾Ğ´ ÑĞ²Ğ¾Ğ¸Ğ¼Ğ¸ Ğ²Ğ¸Ğ´ĞµĞ¾ #Russia, Ğ½Ğµ Ğ·Ğ°Ğ±Ñ‹Ğ²Ğ°Ğ¹Ñ‚Ğµ!!",
827,932663,vladimirputin,,
828,19961252,dripcake,,
829,15623807,vainilla,,
830,330834,chantilly,,
831,870,happybirthday,,
832,87051,dulce,,
833,12763,chocolate,,
834,13656,bombom,Let's dance with that BomBomBom!,
835,11797,f,,
836,1683109956972545,sentanofazedeiro,,
837,11462,thisisme,"Today and every day we celebrate all of our LGBTQ+ friends who have come out, and those learning who they are. In honor of National Coming Out Day, share how you proudly live the life you love using #ThisIsMe. For every #ThisIsMe post shared, TikTok will donate $1 to GLAAD to support equality and acceptance for the LGBTQ+ community.",https://p16-sg.tiktokcdn.com/obj/musically-maliva-obj/a81cebe3a3082d4e420c35ecebc2b5e0
838,1510990,identify,,
839,7881,lipsync,,
840,939519,usethissound,,
841,90332,sharethis,,
842,157536,shareit,,
843,6275,gymnastics,,
844,7455,tumbling,,
845,5302,cheer,,
846,6942,flips,,
847,11237517,ÙŠÙˆÙ…,,
848,1609998088596485,Ø§Ù„Ù‚ÙŠØ§Ù…Ø©,,
849,87674,ipad,,
850,127321,playstation,,
851,11012837,addisonrae,,
852,2525872,charlidamelio,,
853,22707086,tatemcrae,,
854,626,arianagrande,,
855,2996204,dualipa,,
856,1648843959776261,dixiedamelio,,
857,726,madisonbeer,,
858,1931238,deads,,
859,1891776,vriendin,,
860,35364,storytime,Share a story that's going on in your life or a factual one that you want the world to know! ğŸ“–,https://p16-sg.tiktokcdn.com/obj/musically-maliva-obj/44d17112dba4fd95e7a48b3d2bc8b251
861,28757,lovestory,What's your #LoveStory?,
862,406528,tinder,,
863,727627,rating,How will you rate your day on a scale of 1 to 10? ğŸ¤¨,https://p16-sg.tiktokcdn.com/obj/musically-maliva-obj/c72205dc9416828e970f30de2652926e
864,1680435448334338,nieuwdakkie,,
865,15675,fit,,
866,21344,sporty,,
867,9166,running,,
868,6804371,explorepage,,
869,23864,meme,,
870,19119,lesbian,,
871,87470759,gayngels,,
872,31814,bi,,
873,76638,stem,,
874,12419,blackwhite,,
875,21178,clown,,
876,12883,feature,,
877,19791190,4up,,
878,94705,deadlifts,,
879,1607939448943622,tiktoknederland,,
880,2068678,ps5,,
881,38383,shoulders,,
882,45129,shoulder,,
883,20209543,shoulderworkout,,
884,79189,tips,,
885,12413,spiderman,,
886,33380,cosplay,"Cosplay your favorite heroine, and show the world your power!",
887,361358,thinkingabout,What are you #ThinkingAbout?,https://p16-sg.tiktokcdn.com/obj/musically-maliva-obj/efe853937cce04de7cecd4a593bdfdd3
888,104490,housetour,Show us around and give us a #HouseTour.,
889,1622446847209958,vervelendd,,
890,1639991096911878,nederlandsetiktokkers,,
891,7891,bruh,,
892,40216594,gymdocent,,
893,779783,halloweenishere,"#HalloweenIsHere! Carve your pumpkins, pull on your costumes, and get ready for the scariest time of the year.",https://p16-sg.tiktokcdn.com/obj/musically-maliva-obj/16280e1547e047a7d70d8281503c20ef
894,1682544987879425,teamwatdenkenjij,,
895,182274,oneliners,Let's see if you can bring on the laughs. Give us your best #OneLiners ,
896,26155,selflove,#SelfLove is the best love. Who wants to be like someone else when you're feeling good about being you?,https://p16-sg.tiktokcdn.com/obj/musically-maliva-obj/a0d768a716690da57e944168d86118f5
897,294809,container,,
898,44625,fred,,
899,1235110,paredes,,
900,208755,manunited,,
901,95035,psg,,
902,142651,ucl,,
903,1637516946121797,ziggosport,,
904,62415551,lewiscapaldi,,
905,1657829305877510,beforeyougochallenge,,
906,1630168901652486,suiciudalawrareness,,
907,1666129304565762,jaanu_99,,
908,1656539736657926,wedding_suprice_dance,,
909,1636600396724229,buttabomma,Grab your loved one and jump on this trend #Buttabomma ğŸ”¥ğŸ’ƒğŸ’ƒ,
910,72782789,onemillionaudition,"1, Top 50 featured video under each category could win the prizes. Only the video got featured during contest time (Sep28th - Oct 11th) will be count.

2, One muser can only win maximum 3 prizes under 1 category and maximum 5 prizes among all categories. The system has already filter out the redundant names. If you find any mistakes, please write to india@musical.ly to report

3,Click here to submit your information. https://musicallyindia1.typeform.com/to/PkFGzB Please open the link on your web browser.",
911,1594961791720454,forupage,,
912,16802,sasuke,,
913,14788,sakura,,
914,18474,waitforit,"Wait till the end, to find out the surprise. ğŸ¤”",https://p16-sg.tiktokcdn.com/obj/musically-maliva-obj/ce5d64602c27c8c9bee864694334bc12
915,11308657,barnanimals,,
916,6664,twerking,,
917,487800,funnyanimals,,
918,83041845,haikyu,,
919,53168511,covid,,
920,1638270891097094,mejogounolixoeoamiguinhoreciclo,,
921,867871,mycostume,What are you dressing as this year?,https://p16-sg.tiktokcdn.com/obj/musically-maliva-obj/75108e74a0467b7ebd655f850b4ab26d
922,6736,kiss,,
923,486659,animefan,,
924,1667525025253381,waifusenpaii,,
925,425702,kawai,,
926,1645283748008966,kawaiicult,,
927,1664237591773190,animecuteuwu,,
928,6524868,lolis,,
929,165721,loli,,
930,1625930936987653,waifu2d,,
931,4167747,maisan,,
932,1605126992923653,hirafamxx,,
933,1645701594480646,rangerschool,,
934,1667426731096230,emarty_93,,
935,1676840059703302,sf_warriors,,
936,1651372024079366,soundwavestattoo,,
937,1677956684867586,spotifytattoo,,
938,17922,tattoo,,
939,49294,amsterdam,,
940,1655421416346630,amsterdamtattoo,,
941,657467,spotify,,
942,84794,shocking,,
943,663471,tattooartist,,
944,58867304,coupletattoo,,
945,9749,cleaning,,
946,43615867,cleaningvideo,,
947,9471,saturday,,
948,2513913,catback,,
949,9022,moving,,
950,12738,gross,,
951,7244,clean,,
952,19838,finals,This semester is almost done...you can do this! âœŠ Show us how you cope with #Finals and then celebrate with musical.ly when they're final.ly done!  ğŸ‰ğŸ™Œ,
953,4278,college,,
954,27664,ms,,
955,1655002082195461,somethingdramaticthatchangedmylifecheck,,
956,39210,hospital,,
957,18165,positive,,
958,13497,goodvibes,Thumbs up to feel those #GoodVibes ğŸ‘ğŸ‘ğŸ‘,
959,1668483152310277,catocade,,
960,18069,shuffle,,
961,11090,snapchat,,
962,25668,filter,,
963,25897,camera,,
964,18370,makeupartist,,
965,11703821,makeuphacks,Makeup is an art ğŸ’ğŸ¼show us your art using #makeuphacks ğŸ’…ğŸ’„,https://p16-sg.tiktokcdn.com/obj/musically-maliva-obj/9c032e540c0fa9f04bbc291f0a5f8fb9
966,1610614106412037,fÃ¶rdich,,
967,636531,quarantine,,
968,82512,bottle,,
969,15065490,bottleflipchallenge,,
970,15176254,bottleflips,,
971,5432,cool,,
972,12928,candle,,
973,28926,lighter,,
974,1608305541056677,dutchtiktok,,
975,1806797,hollands,,
976,3823965,geertwilders,,
977,42219099,rutte,,
978,1669093021107205,zwartepietlivesmatter,,
979,6080851,kaaskop,,
980,556258,wok,,
981,1599163184670722,foodtiktok,Yum.,
982,1650420998534149,tiktokcooks,Grab your ingredients and start cooking.,
983,1655215362688006,chefsontiktok,,
984,1654446467612674,fireworks2020,Helaas geen vuurwerk dit jaar ...,
985,327306,pumpupthejam,Remember this one?,
986,1595154408802310,deadliftchallenge,,
987,181582,gymlover,,
988,10889,natural,,
989,23965,back,,
990,1572657,corpse,,
991,30071007,corpsehusband,,
992,43471,diet,,
993,1656697289968646,f12020,,
994,17066150,formulaone,,
995,121131,grandprix,,
996,30015438,vettel,,
997,6198908,rekenen,,
998,1611946124741638,couplesoftiktok,,
999,16891,africa,,
1000,3668,toto,,
1001,38369,80s,,
1002,551586,theataris,,
1003,185057,quietdrive,,
1004,28478,popgoespunk,,
1005,41451,punkrock,,
1006,12918,poppunk,,
1007,1653325799926790,zyxcba,,
1008,126235,drummer,,
1009,45217035,benchpresschallenge,,
1010,91982,armday,,
1011,8313,pets,,
1012,5192,animals,,
1013,2134264,horsebarn,,
1014,6235,part2,,
1015,155488,build,,
1016,8255,fancy,,
1017,116689,fancypants,,
1018,13327731,fancyaudio,,
1019,3887959,genderreveal,,
1020,34429,happylife,,
1021,22876,wishes,,
1022,8694,yummy,,
1023,198457,morph,Use our new Creative Effect and show us what you morph into.,https://p16-sg.tiktokcdn.com/obj/musically-maliva-obj/baa242e51d0a597804a97a3d941ee414
1024,16795940,topsurgery,,
1025,36966,montreal,,
1026,59921,ftm,,
1027,94948,queer,,
1028,1447396,nonbinary,,
1029,75309099,Ğ²Ğ°Ğ½Ğ¿Ğ¸Ñ,,
1030,1347154,akatsuki,,
1031,1648937722697733,recommendationanime,,
1032,9287095,animeed,,
1033,5571171,sasori,,
1034,79073378,greenscreenvideo,"Try out our new #GreenScreenVideo Creative Effect! Just update TikTok, pick a video from your camera roll, stand in front of a plain background, and make the next TikTok masterpiece.",https://p16-sg.tiktokcdn.com/obj/musically-maliva-obj/10f7cc1434362dbd0f26e3deb01e5118
1035,367861,vertical,,
1036,1816,jump,,
1037,5740,hops,,
1038,250322,erenjaeger,,
1039,1592369356013569,chinesetiktok,,
1040,14422,chinese,,
1041,2200560,chineseboy,,
1042,51413290,chinesetrend,,
1043,115871,asianboy,,
1044,25709,transformation,,
1045,6487896,rdl,,
1046,19556881,guyswholift,,
1047,27539,feelinggood,We're here for good vibes only.,
1048,215874,abworkout,Zac Efronâ€™s abs inspired this weekâ€™s challenge. Show us how you have fun working out using the hashtag #AbWorkout,
1049,12743,smoothcriminal,,
1050,104296,transitions,,
1051,6118,loop,,
1052,1077400,fitnessgirl,,
1053,11590,fitgirls,,
1054,71559893,kesfet,,
1055,29786,turkish,,
1056,51447124,asianmakeup,,
1057,550140,komik,,
1058,1607085372482565,roadmarking,,
1059,6122,work,,
1060,319127,satisfying,,
1061,1663207944964101,roadmarker,,
1062,1625639801819157,signalisation,,
1063,10383,white,,
1064,8179,sunset,,
1065,70606,workouts,,
1066,35990,draft,,
1067,6114,hairstyle,,
1068,793591,hairlook,,
1069,269446,hairtransformation,,
1070,58087808,blondtobrown,,
1071,23670,toiletpaper,,
1072,3242,christmas,"It's the most wonderful time of the year again, capture and share those moments with your loved ones",
1073,1622517,rudolf,,
1074,1624339432620038,fyppage,,
1075,26958,hairtutorial,,
1076,1640247725446149,looklikeart,I look like art ğŸ–,https://p16-sg.tiktokcdn.com/obj/musically-maliva-obj/3abcd21f9f52cbdf09d3e7914a275fd2
1077,1684228089043970,leescoÃ¶rdinator,,
1078,12943489,chantaljanzen,,
1079,3612162,thevoiceofholland,,
1080,28792678,keigoed,,
1081,72878,grwm,Hello morning routine â˜€ï¸,
1082,14057,painting,,
1083,8502744,oilpainting,,
1084,5407,artist,,
1085,68696,artwork,,
1086,38147,insta,,
1087,365253,brushchallenge,,
1088,22642,creative,,
1089,27571,support,,
1090,596834,artists,,
1091,2969421,architecture,A is for Architecture...,
1092,1609382429340678,vibetiktok,,
1093,127527,likelike,,
1094,1651867228253190,tiktoktraditions,"Whether you're heading home for the holidays or ringing in the season with friends, show us how you're celebrating the holiday season with friends and family and make a difference with #TikTokTraditions. This holiday, TikTok will donate $1.5 million USD to help UNICEF provide humanitarian and developmental aid to children and their families around the world. https://www.tiktok.com/activity/2019/yearend?should_full_screen=true&amp;hide_nav_bar=1",
1095,70444969,ikmisdit,,
1096,10723688,bungoustraydogs,,
1097,24102353,chuuyanakahara,,
1098,12608705,dazaiosamu,,
1099,50862,bsd,,
1100,6873194,trouwen,,
1101,1654528519054342,hetclubhuis,,
1102,1417119,gordon,,
1103,14827,action,,
1104,308169,ajax,,
1105,13751,joke,,
1106,1628381736009734,miltok,,
1107,5356,lmao,,
1108,7971,hi,,
1109,4752928,fatburner,,
1110,393816,satire,,
1111,35117,chestday,,
1112,143247,rotterdam,,
1113,33019,explore,,
1114,1664941193695237,teamychelle,,
1115,7275113,teamrene,,
1116,37708,fatherdaughter,,
1117,1631264062507014,atjevoordesfeer,,
1118,1632882803203078,groenebril,,
1119,1669324265447430,tarwesmoothie,,
1120,219803,ontario,,
1121,503929,voguemagazine,,
1122,10197105,vir,,
1123,4317751,femalesoldier,,
1124,21156,soldier,,
1125,33545,stillgotit,,
1126,8036290,indigenous,,
1127,5527,dancer,,
1128,34397,toronto,,
1129,1654434660219910,nativetiktoks,,
1130,1674849239179270,itstartsontiktok,"Whether it's learning something new, listening to the latest chart topping songs, joining viral dance craze, finding your own community, creating memories with your loved ones or showing off your culture and heritage, #ItStartsOnTikTok. Share your TikTok journey with us and how it has changed your life!",https://p16-sg.tiktokcdn.com/obj/musically-maliva-obj/c8a73f609e548ef7b2bf413830b13ba8
1131,447299,biden,,
1132,38970,trump,,
1133,1634368,democrat,,
1134,369951,maskup,A request from TikTok &amp; Unicef - please keep your mask on &amp; dispose of it safely to maintain a safe environment for you and those around you ğŸ˜·ğŸ˜·,https://p77-sg.tiktokcdn.com/obj/tiktok-obj/8f15c43e3b4f52e1e2d9e82f52b470de
1135,1658256581292037,covid19,,
1136,26181382,armyreserve,,
1137,1666258643454981,lildanceydance,,
1138,748473,christianbale,,
1139,11756538,michaelkeaton,,
1140,8474883,benaffleck,,
1141,18112,batman,,
1142,1608877447953429,paratupagina,,
1143,5878384,viralll,,
1144,1661382562887685,aprendeentiktok,Bienvenido a #AprendeEnTiktok un espacio para compartir contenido educativo. AquÃ­ podrÃ¡s encontrar informaciÃ³n valiosa desde moda hasta fÃ­sica cuÃ¡ntica. Abrocha tu cinturÃ³n y disfruta de este viaje.,
1145,28630687,haikyyu,,
1146,1656102435000326,haikyyuedit,,
1147,9656128,karasuno,,
1148,1604976383742982,ĞºĞ°Ñ€Ğ°ÑÑƒĞ½Ğ¾,,
1149,3674336,sampa,,
1150,10287624,shonen,,
1151,1603167324342278,animeshonen,,
1152,17996382,animerecommendations,,
1153,46329504,animebinge,,
1154,1639891008648197,animerec,,
1155,1639913419716614,animerecs,,
1156,111385,entrepreneur,"Whether you're working on a side hustle, or starting your own businesses, here's to all the entrepreneurs.",
1157,14500,business,,
1158,5841,lifestyle,,
1159,13270,hahaha,Make us laugh in honour of the 2020 Just For Laughs festival!,https://p16-sg.tiktokcdn.com/obj/musically-maliva-obj/9855668a567ab1e081974626a57eba89
1160,1626479086003205,horsegirlvibes,,
1161,1610589947907078,horsesontiktok,,
1162,5976025,horseslover,,
1163,1132473,11,,
1164,84098181,Ğ½ĞµĞ¹Ğ¼Ğ°Ñ€,,
1165,83884,neymar,,
1166,18425,barcelona,,
1167,125425,preworkout,,
1168,7884,travel,"ğŸŒŸ&amp;amp;amp;amp;quot;The world is a book and those who don't travel read only one page&amp;amp;amp;amp;quot;. ğŸ„ğŸŒ´Now recollect your best travel memories from camera roll, ğŸ“·and share the stories behind!",
1169,5960670,traveldiaries,"Pull out a map, grab a friend and take us along for the ride with #TravelDiaries.",https://p16-sg.tiktokcdn.com/obj/musically-maliva-obj/016fd8335c35c398896113e23e06b929
1170,83497,dreamy,,
1171,9373,backyard,,
1172,13757,project,,
1173,9180,pool,,
1174,17511,johndeere,,
1175,1264916,onabudget,How do you stay on a budget? Let us know ğŸ˜,https://p16-sg.tiktokcdn.com/obj/musically-maliva-obj/97843c88e48c0e9a016abe69d8ecae1a
1176,86427221,tiktokviral,,
1177,1621338685071366,viralsinger,,
1178,5591650,alabamaarkansas,,
1179,106728,bekind,"We could all use a bit of kindness, so whether it's doing something for a friend, or supporting your family, #BeKind.",
1180,1587444,lifeathome,"Whether you're on an unexpected break or just starting the work from home life, show us how you're making the most of #LifeAtHome.",https://p16-sg.tiktokcdn.com/obj/musically-maliva-obj/35aeb475f2ce57be94cf035cc2d24f2a
1181,25119,mix,,
1182,1598925681966082,tiktokcreator,,
1183,33183,photo,,
1184,617850,vfx,,
1185,38539,gopro,,
1186,9993540,photomagic,Share your own DIY camera solutions with the hashtag #photomagic to stand a chance to boost the visibility of your profile! For more details https://bit.ly/33VqKdG,https://p16-sg.tiktokcdn.com/obj/musically-maliva-obj/2767451a2aea716de82189df82356127
1187,274166,poto,,
1188,7744,fly,,
1189,476716,verifyme,,
1190,381120,wraps,,
1191,70102,tortilla,,
1192,362141,decoration,,
1193,126694,gaygirl,,
1194,344477,lovelive,,
1195,16041055,yoshiko,,
1196,20662269,yoshikotsushima,,
1197,16041054,lovelivesunshine,,
1198,8162468,excavator,,
1199,21575,jurassicpark,"WidziaÅ‚eÅ› juÅ¼ film 'Jurassic Park'??? Jak wiadomo, Jurassic Park, to miejsce wypeÅ‚nione dinozaurami i rÃ³Å¼nymi stworami! ğŸ¦–ğŸ¦•ğŸ¦ PokaÅ¼ nam twojÄ… wersje Jurassic Parku uÅ¼ywajÄ…c #jurassicpark w twoim opisie! Czekamy na wasze wideo ğŸ¤©",
1200,104516,dilemma,,
1201,12123815,vlees,,
1202,23703,progress,,
1203,11575,body,,
1204,13251,ootd,Show us your outfit of the day.,
1205,5335320,catchphrases,What are your favoriteÂ #Catchphrases?,https://p16-sg.tiktokcdn.com/obj/musically-maliva-obj/c4569b6baa12ea14fdf73628f1792103
1206,1647562016180230,ashmezz,,
1207,1603065891143686,tiktokholland,,
1208,105147,british,,
1209,1682339750241282,liamkratos,,
1210,5509,party,"Start a #Party with your friends and fans and tell longer stories, partake in bigger activities, hang out with your friends from wherever you are, sing the longest songs in your repertoire and get a chance to start your own trends with musers from all over the world! ğŸ‰",
1211,2869118,toets,,
1212,12870422,tentamen,,
1213,5927,sad,,
1214,12937,single,,
1215,11524396,uitgeput,,
1216,4755,moe,,
1217,37499369,thuiskomen,,
1218,32083494,temoe,,
1219,1666593274953734,ronanvdloo,,
1220,1661061448518662,volgderegels,,
1221,8242721,ikdoemee,,
1222,16750748,amizadeverdadeira,,
1223,577789,eventing,,
1224,6778,vegan,,
1225,299034,animalrights,,
1226,23273963,horsecarriage,,
1227,1681149755533314,asosdaytofright,Itâ€™s officially scare season. Itâ€™s time to show off your Day to Fright look. Happy Halloweenâ€¦ASOS,
1228,1646261193950210,tharusha_shamal,,
1229,1647808557325313,rastha_lions,,
1230,1640078846911494,boodle_gang,,
1231,192860,comingofage,What if every situation played out like the end of an early 2000s coming of age movie?,https://p16-sg.tiktokcdn.com/obj/musically-maliva-obj/5744a1388cb39fb30c9ab19e3b9900ce
1232,21814700,mobility,,
1233,2248,movement,,
1234,31124,runner,,
1235,279080,crosscountry,,
1236,17368,track,,
1237,65059,xc,,
1238,8231059,gorun,,
1239,9260,fast,,
1240,4837623,growupwithme,Here's to growing up together.,https://p16-sg.tiktokcdn.com/obj/musically-maliva-obj/550ef4cc80e14cb78d7e0db53cd2688d
1241,13566,health,,
1242,1620125861580806,copsoftiktok,,
1243,1635582862810117,firefightersoftiktok,,
1244,10622,police,,
1245,17082,firefighter,,
1246,274732,rival,,
1247,12469,sorry,"Yes, Bieber is coming. It's not too late now to lip sync with Bieber's new single &amp;amp;amp;amp;amp;amp;quot;Sorry&amp;amp;amp;amp;amp;amp;quot;!",
1248,2763198,prankwars,"It's time to prank your friends, family members or significant otherğŸ˜ Show us your most creative prank and join our #PrankWars",https://p16-sg.tiktokcdn.com/obj/musically-maliva-obj/1629242235501573.JPEG
1249,31710,joking,,
1250,120943,madrespect,,
1251,5994,song,,
1252,12374,ninja,,
1253,76258,ozuna,,
1254,805052,karo,,
1255,616436,digitalart,,
1256,908285,digitaldrawing,,
1257,1271597,realisticart,,
1258,1712198,realism,,
1259,5843819,treadmilldance,Kto powiedziaÅ‚ Å¼e sport musi byÄ‡ tylko ciÄ™Å¼kÄ… pracÄ…? To teÅ¼ zabawa! PokaÅ¼cie swoje najlepsze ruchy na siÅ‚owni jak Mateusz i Stuu. Nagrajcie #treadmilldance. Oznaczcie nas na instagramie @musical.lypolskaofficial. MoÅ¼e zobaczymy!,
1260,11418041,treadmillworkout,,
1261,3019664,workmate,,
1262,305716,colleagues,,
1263,9377,promises,,
1264,1654022269212678,xcbyza,,
1265,12092,house,,
1266,89968,1k,,
1267,40864,dollar,,
1268,51545,euro,,
1269,12902,google,,
1270,10912748,googlemaps,,
1271,13380,maps,,
1272,1599,i,,
1273,12137,know,,
1274,29702053,wherelive,,
1275,14723,hehe,,
1276,9008,come,æ²‰é»˜ã€,
1277,6165245,andtry,,
1278,215345,fya,,
1279,1603,omg,,
1280,7353,wow,"ğŸ¤­
What makes you WOW!
Come and shock us~

How to shoot:
1. Click the shoot icon. 
2. Click on â€œadd soundâ€.  
3. Try some funny stickers like [infinite clone].

Have fun~",
1281,5426,water,,
1282,11872881,energylandia,,
1283,70427,poland,,
1284,16911,rollercoaster,,
1285,30142666,intamin,,
1286,1588741500559361,cartiktok,,
1287,5139,bmw,,
1288,5317271,boxjump,,
1289,219089,strongwomen,,
1290,66239,dunkin,,
1291,30508,pr,,
1292,120382,klein,,
1293,4544,freestyle,,
1294,5232,rap,,
1295,87666,billie,,
1296,371290,modelface,Smile up. Eyebrows down. Smile Down. Now you're a model honey ğŸ˜ Pose and reveal to us your #ModelFace,
1297,1665762068338694,50plusontiktok,,
1298,6199,iloveyou,à²°à²¿à²¯à²²à³ à²¸à³à²Ÿà²¾à²°à³ à²‰à²ªà³‡à²‚à²¦à³à²° à²…à²µà²°à³ à²¨à²Ÿà²¿à²¸à²¿à²°à³à²µ à²œà²¨à²ªà³à²°à²¿à²¯ à²šà²²à²¨à²šà²¿à²¤à³à²° à² à²²à²µà³ à²¯à³à²—à³† à²Ÿà²¿à²•à³ à²Ÿà²¾à²•à³ à²®à²¾à²¡à²¿.,
1299,9825,olivia,"Oh I love you, I love you, I love, I love, I love Olivia ğŸ’˜ Clap and change to your favourite outfit to the beat ğŸ§¥ğŸ‘—",
1300,996,onedirection,,
1301,7726,1d,,
1302,753270,peakyblinders,,
1303,13169762,thomasshelby,,
1304,14290,quad,,
1305,16676,race,,
1306,8610,motor,,
1307,1643035902806022,maximemeiland,,
1308,6027521,boodschappen,,
1309,78497,appie,,
1310,17759,weekend,,
1311,217956,expectations,,
1312,16722,reality,,
1313,4065,gymfail,,
1314,95461,cringe,,
1315,1653468585368581,xycba,,
1316,3089311,agv,,
1317,17083,crossfit,,
1318,16456,weightlifting,,
1319,22945,girlswholift,,
1320,1658914034213894,eddygee,,
1321,1682805144336390,wheymen,,
1322,1740351,gymhumor,,
1323,300674,jumpstyle,,
1324,1406357,2007,,
1325,2308436,jumpen,,
1326,35605086,vooru,,
1327,1921170,vroeger,,
1328,4538027,jeugdsentiment,,
1329,19704230,jeckyllandhyde,,
1330,1640069554373638,landonorris,,
1331,14099318,militaryhumor,,
1332,25809195,transitioner,Transitioners! Show us your transition skills! Newly released transition badges will be given to best transition videos! Post as many transition videos as you can under this hashtag for a higher chance to be selected for a transition badge! ğŸ”¥ We are giving out 100 badges EVERYDAY!  ğŸ˜‰,
1333,27616271,cheatonmeidareyou,,
1334,17533350,vibewithus,Just take a break and #VibeWithUs.,https://p16-sg.tiktokcdn.com/obj/musically-maliva-obj/60e6debd81cd5334d004f9272d3e1fe0
1335,65730,grip,,
1336,34945414,fallaesthetic,Show us your #FallAesthetic.,
1337,167221,doggyanthem,This is for all the dogs of TikTok.,https://p16-sg.tiktokcdn.com/obj/musically-maliva-obj/f5face0394cef0d5f9facec2650e2bf2
1338,1679386346321921,razrfit,"Sweater weather, but make it fashion. With its sleek design and pocketable size, the Motorola razr will fit into any pocket, purse, backpack, or boot. Weâ€™re challenging you to show off your fall fashion, and the creative ways you stash and stow your favorite accessories.Â Tag your lewk with the hashtag #razrfit for a chance to win a new razr of your own.",
1339,1657344580828161,bhuran__tv,,
1340,104479,newtrend,,
1341,571139,triceps,,
1342,43208,barber,,
1343,39779986,cordecabelo,Qual a sua prÃ³xima cor de cabelo? ğŸ¤”,https://p16-sg.tiktokcdn.com/obj/musically-maliva-obj/6dda12347053803ea35e36865302432c
1344,3193801,cabelo,,
1345,215826,csgo,,
1346,1456765,counterstrike,,
1347,5328,smoke,,
1348,1658550137843718,bigbendstrong,,
1349,228353,izabella,,
1350,1675488172172293,izabellavoldigoad,,
1351,1669980870164486,themisfitofdemonkingacademy,,
1352,1671309889494022,misfitofdemonacademy,,
1353,1671483674826754,anosvoldigoad,,
1354,197839,skittles,,
1355,1685797681814533,allweneedisglam,Holiday season is here! Create your best glam look with #allweneedisglam âœ¨,
1356,1660938596325382,deensupermarkten,,
1357,38042069,shuffletutorial,,
1358,1006637,cuttinshapes,,
1359,13338914,shufflemusic,,
1360,3797226,mondaytuesday,,
1361,771,michaeljackson,,
1362,24224,michael,,
1363,25120,jackson,,
1364,5451,crazy,,
1365,1666933715808261,buschauffeuse,,
1366,57920209,hoekschewaard,,
1367,33562,bus,,
1368,11518028,alexklein,,
1369,11655564,wantthischallenge,,
1370,669524,lui,,
1371,42926046,lieverluidanmoe,,
1372,17215,snowboarding,,
1373,1629633761281030,skitok,,
1374,5898,gifts,,
1375,83957954,hunkemÃ¶ller,,
1376,105344,foodlover,This track might be the best one for every foodlover!ğŸ˜‚,
1377,64410,tacos,,
1378,20315,mexicanfood,,
1379,1663956211270661,amsterdamlocal,,
1380,1616097774007301,alastorcosplay,,
1381,1600939033806854,hazbinhotelcosplay,,
1382,1605364689783814,shouldvepickedmercy,,
1383,1677913650505730,amongusfamily,,
1384,2006,game,,
1385,5198,jinglebells,,
1386,4853718,a380,,
1387,22966863,thaiairways,,
1388,20902461,miniaturwunderland,,
1389,6259,christmasmusic,,
1390,67278867,carlossainz,,
1391,81257,welldone,"Wow, well done.",https://p16-sg.tiktokcdn.com/obj/musically-maliva-obj/72e4dc790e1f9c53e141c2a76e8b4508
1392,21488046,bahraingp,,
1393,1592201071476741,ğŸ’ª,,
1394,37208968,royalwinterfair,,
1395,239885,horseshow,,
1396,82910619,equitation,,
1397,658689,disqualified,,
1398,5257,morning,,
1399,9832,working,,
1400,16029,riseandshine,It's time to #RiseAndShine... ğŸ¶,https://p16-sg.tiktokcdn.com/obj/musically-maliva-obj/3c99ab110b0be781a37685c2f5f27e5e
1401,111730,dailyroutine,Show us your #DailyRoutine.,https://p16-sg.tiktokcdn.com/obj/musically-maliva-obj/44bcef1c01f3d5985aacd8619fc6cd4e
1402,1684421551177730,Ù…ÙŠØ±Ù†Ø§ğŸ,,
1403,1606030384777222,Ø§Ù„Ù„Ù‡Ù…_ØµÙ„ÙŠ_Ø¹Ù„Ù‰_Ù†Ø¨ÙŠÙ†Ø§_Ù…Ø­Ù…Ø¯,,
1404,1614764845556758,ØµÙ„Ùˆ_Ø¹Ù„ÙŠÙ‡_Ø´ÙÙŠØ¹_Ø§Ù„Ø§Ù…Ø©,,
1405,374089,deepthoughts,Blow your mind with these #DeepThoughts.,https://p16-sg.tiktokcdn.com/obj/musically-maliva-obj/f9dd610844d173b8fcc67fe604d82fbc
1406,1682454265023489,Ø¹Ø§Ø´Ù‚_Ø§Ù„Ø®ÙŠÙ„â¤ï¸,,
1407,1615017396931590,dakaretaiotoko,,
1408,199265,videoedit,,
1409,6128791,yaoiedit,,
1410,36781,bl,,
1411,1949518,fujoshi,,
1412,31554902,fudanshi,,
1413,33691437,ennoshita,,
1414,936914,animes,,
1415,5258377,animee,,
1416,45276563,hirugashi,,
1417,2892473,tendencia,,
1418,16273684,protec,,
1419,17254,amor,,
1420,2834976,siguiendo,,
1421,84715653,viral_video,,
1422,4816142,keepsupporting,,
1423,72785511,1millionaudition,"1 Million Audition India is ON! This time,  Join 1 or more of the 5 categories and everyone has the chance to win the final prize:
#1MVinesIN
#1MArtIN
#1MSportsIN
#1MSpecialSkillsIN
#1MFashionIN
Please check the final result here: 
https://activity.tiktok.com/magic/runtime/?id=1626",
1424,1649508384232454,warrantofficer,,
1425,1673684982289414,chieftok,,
1426,8288112,haventseen,Use our new Text-to-Speech feature and show us photos that we need to see.,https://p16-sg.tiktokcdn.com/obj/musically-maliva-obj/057388913144cbe7f6a7b983b16c8670
1427,1633205167622149,planttiktok,Here's to all the plant parents on TikTok.,
1428,1621403011396773,tiktokcleaning,,
1429,5831273,bathroomcleaning,,
1430,7076,paint,,
1431,14719149,easydraw,,
1432,1640280827404290,childrendrawing,,
1433,2545744,equestrians,,
1434,1639539665391621,makeusfamousthx,,
1435,55336589,scaniav8,,
1436,1681262131316738,theklokoprock,,
1437,1045395,mikeymike,,
1438,3229295,nieuwerondenieuwekansen,,
1439,9973,oldskool,,
1440,7947,parkour,,
1441,5013,fail,adding a new description,
1442,101030,ohnono,"ğŸ˜±Oh, no... No, no! ğŸ˜±Share with us your funniest and most creative #OhNoNo moments today!",
1443,1671113346977797,francisxvk,,
1444,8194098,geefjeover,,
1445,1684251622810625,geefjehelemaal,,
1446,5480,pink,,
1447,1654160921584645,vuurwerkverbod,,
1448,1675301822296070,mondkapjesplicht,,
1449,2147080,langefrans,,
1450,3391042,paulelstak,,
1451,1662526563180549,rechtenstudent,,
1452,296911,student,,
1453,82353,jenga,,
1454,28152,cheating,,
1455,416103,vals,,
1456,3893409,spelen,,
1457,383068,frontpage,,
1458,850679,jengablocks,,
1459,12523506,jengagame,,
1460,604,train,,
1461,332798,cabride,,
1462,1637359456150534,memphissoftball,,
1463,81841438,recordsday,"It's Guinness World Records Day, and the challenge is simple: find a record, and try to break it.",https://p16-sg.tiktokcdn.com/obj/musically-maliva-obj/bda7891978e558b886ea871540857fed
1464,371741,nbadraft,"The NBA Draft is the start of something special for players, so whether you're the number one pick, or rooting from the sidelines, show us how youâ€™d react to achieving your dreams in the #NBADraft!",https://p16-sg.tiktokcdn.com/obj/musically-maliva-obj/1636910813683718.PNG
1465,1678175690046465,elknadeelheeftznvoordeel,,
1466,1662432306519045,bespaartip,,
1467,1638593602511878,meesdix,,
1468,12732284,dondejong,,
1469,1666853047738374,dutchperformante,,
1470,27360,challange,,
1471,35994645,giolatooy,,
1472,152596,knolpower,,
1473,19631,chick,,
1474,2033322,japon,,
1475,14090169,haikyuuedits,,
1476,3669477,paratodos,,
1477,4123392,ryfc,,
1478,28956860,mrolympia,,
1479,143516,comedia,Â¡Mira los mejores videos de comedia!,
1480,88673,sigueme,,
1481,10964,muscles,,
1482,1611933688265734,joelbeukers,,
1483,50781,c4,,
1484,1633673391963142,jack3d,,
1485,1661745157709826,fypgakni,,
1486,2005822,youhaveto,Here's a little PSA just for you.,https://p16-sg.tiktokcdn.com/obj/musically-maliva-obj/8bd8dfaab80952c9354435522d1a3437
1487,9505703,teletransporte,Â¡Utiliza el efecto #Teletransporte y visita lugares que te hicieron mÃ¡s feliz! ğŸ¥°Viaja por el pasado o el futuroğŸ”®Puedes ir a donde quieras con #Teletransporte,https://p16-sg.tiktokcdn.com/obj/musically-maliva-obj/f35da377aa4537a07ec09ff157d087ee
1488,75123881,tiktokindonesia,,
1489,99770,duett,"Habt ihr schon unsere neue Duett-Funktion gecheckt? Oben, unten, links, rechts alles mÃ¶glich jetzt.",https://p16-sg.tiktokcdn.com/obj/musically-maliva-obj/fa5fcd3ee0a9581fc26d9e3b811e428e
1490,1645757422595078,weebtiktok,,
1491,425307,animeart,,
1492,1604975671674886,fÃ¼rdichpage,,
1493,1641742021300225,royofficial,,
1494,1597903503598594,tiktoktamil,,
1495,102844,horseriding,,
1496,33608,dressage,,
1497,8096,equine,,
1498,490217,stallion,,
1499,1518647,fory,,
1500,723621,gymbro,,
1501,1612963547666437,aginggracefully,,
1502,6728,singlelife,Who needs Valentine's Day when you're living your best life - on your own?,https://p16-sg.tiktokcdn.com/obj/musically-maliva-obj/e8bb39732573ebfbac608da89704418e
1503,18876,bedtime,,
1504,30873973,paravoce,,
1505,1621100194413734,tiktok2020,,
1506,26173,saturdaynight,Everyone knows it's the most awesome time of the week! ğŸ˜ So how do you like to spend your #SaturdayNight? Show us in your musical.lys to @ClintonSparksğŸ’¥ new song &amp; he has a huge back-to-school prize ğŸ†ğŸ†ğŸ† in store for the winning muser!,
1507,94336,nutrition,N is for Nutrition,
1508,22688,noexcuses,,
1509,137380,alpha,,
1510,17666,legs,,
1511,1592673961140229,trainingtips,,
1512,13211056,signos,,
1513,43451270,signoszodiacales,,
1514,1602434124452870,greenscreensticker,"Use our new edition of Green Screen, it's called  #GreenScreenSticker. Try it to create more engaging TikToks",https://p16-sg.tiktokcdn.com/obj/musically-maliva-obj/a27cfa5cd739510e3667cc591c4aa976
1515,1636437402688582,okboomer,"ok, boomer",https://p16-sg.tiktokcdn.com/obj/musically-maliva-obj/0219b936030575c899452313906c15f4
1516,1677622929892354,krotik26,,
1517,707,backstreetboys,,
1518,395362,largerthanlife,,
1519,166389,martialarts,,
1520,671853,selfdefence,,
1521,2903611,techniques,,
1522,43485,yep,,
1523,15084,nope,,
1524,775035,singingduet,,
1525,1610609726642181,singersoftiktok,,
1526,156583,singers,,
1527,42992,chachaslide,Slide to the left... slide to the right! Don't stop the moves!,
1528,4794870,shufflechallenge,,
1529,29793,shuffling,,
1530,1671827086165157,dienstplicht,,
1531,1535563,2003,,
1532,5807144,meiden,,
1533,2812945,zingen,,
1534,64920446,royalistiq,,
1535,1624823858771973,fitnesspage,,
1536,10774,couple,,
1537,2866,europe,ğŸ‡ªğŸ‡ºâ­ğŸ‡ªğŸ‡ºâ­ğŸ‡ªğŸ‡ºâ­ğŸ‡ªğŸ‡ºâ­ğŸ‡ªğŸ‡º,
1538,9841,america,,
1539,1615320,americanstory,,
1540,5745,newyork,,
1541,9602,losangeles,,
1542,41296,cancer,,
1543,3782895,hodgkinslymphoma,,
1544,722261,chemotherapy,,
1545,3265820,gotothegym,,
1546,730863,viking,,
1547,1648969103286274,vikingtiktok,,
1548,13036,thor,,
1549,135337,mjolnir,,
1550,11995,fitfam,,
1551,9807,gymtime,"People who exercise burn more calories and look more toned than those who don't. In fact, exercise can help keep your body. Go through the gym workout videos #gymtime",
1552,140737,pageant,,
1553,1361074,voiceeffects,"TikTok has new #VoiceEffects, made just for you! Record your video, hit the checkmark and change your voice with new presets, whether you want to sound like a chipmunk or love the autotune life.",https://p16-sg.tiktokcdn.com/obj/musically-maliva-obj/95dce3164582d8f6f960128e0fa2acb5
1554,5819192,shoulderinjury,,
1555,82783896,elbowpain,,
1556,62047,pushups,,
1557,98119,pushup,,
1558,1643148184706053,pushupform,,
1559,40700,chest,,
1560,1679809777267714,zopepijn,,
1561,1648582450928645,kaaskomkommer,,
1562,5207,goals,,
1563,13505,stop,,
1564,11598,positivity,,
1565,13565,homeworkout,How are you staying fit at home? Show us your #HomeWorkout.,
1566,180818,bulking,,
1567,1640205481037829,tiktokwellness,"Whether you're starting meditation or just practicing self care, here's to all things wellness with #TikTokWellness.",
1568,957718,overtake,,
1569,6862333,divebomb,,
1570,10292,drift,,
1571,1653513345678341,tuzelity,,
1572,36991882,drz,,
1573,713670,followyou,,
1574,74455129,trainingmotivation,,
1575,1679081872621573,coles76,,
1576,28711048,recomendados,,
1577,1619522626792454,enparati,,
1578,1650394181619718,vscodered,,
1579,8666,amazing,,
1580,4695741,gymprogress,,
1581,168437,itbelikethat,Sometimes it be like thatâ€¦,https://p16-sg.tiktokcdn.com/obj/musically-maliva-obj/d46e62f78a4b0b5005131e523ed1a904
1582,42542,opening,,
1583,338266,yourlieinapril,,
1584,2374405,evangelion,,
1585,15636,sao,,
1586,18759,therock,,
1587,146080,manga,,
1588,1672130737094118,secretanimesociety,Welcome to the #SecretAnimeSociety.,https://p16-sg.tiktokcdn.com/obj/musically-maliva-obj/8700231dc05a02e3dbd8677cb90a6740
1589,12738468,bnha,,
1590,970061,mha,,
1591,18800,dbz,,
1592,25830,w,,
1593,123461,mera,,
1594,122641,aquaman,,
1595,543949,construction,,
1596,9409,engineer,,
1597,6087,home,Respira fundo e vem gravar pra mÃºsica #Home do Selva junto com @nathanbarone ğŸ˜”ğŸ˜,
1598,15461,luxury,,
1599,20538,interesting,,
1600,1654759984186373,rareaesthetic,"The more specific, the better.",https://p16-sg.tiktokcdn.com/obj/musically-maliva-obj/43e691224a42b480b0c0fa7170d9ced7
1601,1661768577914881,curfewdays,,
1602,33831780,aquinao,,
1603,2131282,sexta,,
1604,7067532,sextou,,
1605,1641633209276422,agrobaby,,
1606,65838350,agroboy,,
1607,27961659,caipira,,
1608,82824014,roÃ§a,,
1609,1594663591035909,sertanejoraiz,,
1610,1624109319233541,bebestiktoks,,
1611,58220,agro,,
1612,4474128,trator,,
1613,4289,gta,,
1614,5640,gta5,,
1615,299537,gtaonline,,
1616,299427,gta5online,,
1617,1683892595031042,cayopericoheist,,
1618,33110,gtav,,
1619,1653084216475649,gta5update,,
1620,4758475,criatividade,,
1621,635339,celular,,
1622,169368,flor,,
1623,1102731,casamento,,
1624,8387928,vestido,,
1625,39238,photography,,
1626,6958,wedding,,https://p16-sg.tiktokcdn.com/obj/musically-maliva-obj/6b1db1d38f42c9b6fbc5111028ec889f
1627,8445728,sabato,,
1628,3984776,bota,,
1629,17046,calisthenics,,
1630,7040286,perte,,
1631,1661085553315846,quarantinemood,,
1632,540340,songwriting,,
1633,43029,couplegoals,"ğŸ‘­â¤ï¸ VALENTINE'S SEASON IS HERE â¤ï¸ ğŸ‘¬

Get with your significant other, think of all the things you love about them, and select a sweet song to show your love in your own way. 

Donâ€™t forget to share your favorite video to Instagram with #CoupleGoals, we will give away limited edition merch everyday and shoutout to those lovely couples. 

xoxo, musical.ly",https://p16-sg.tiktokcdn.com/obj/musically-maliva-obj/6657b35f7e549a8c610411b945d7cd8f
1634,714214,buttslap,,
1635,199778,edmonton,,
1636,1674296618419205,feestiom,,
1637,10976189,sportiom,,
1638,6561802,kinderfeestje,,
1639,17912051,bubbelvoetbal,,
1640,1385542,jarig,,
1641,1428786,feestje,,
1642,934344,verjaardag,,
1643,5394,howto,"Whether you're an artist, DIYer or chef, make a tutorial, show each step, and teach us #HowTo ________.",
1644,1623023800363173,themaincharacter,When I become #TheMainCharacterğŸ˜ƒ,
1645,2484863,beforechristmas,That moment #beforechristmas ğŸ˜³too early?!,
1646,1640230938585093,cleantok,,
1647,8244,fall,,
1648,2450178,thanksgivingvibes,"Are you cooking, eating, decorating, and being grateful? Show us your #ThanksgivingVibes.",https://p16-sg.tiktokcdn.com/obj/musically-maliva-obj/84c7942bb09d9945061bb175fe7238db
1649,40759146,pistolsquatchallenge,,
1650,2341,acrobatic,,
1651,1664938232332294,herkenbaresituaties,,
1652,3113904,jeugdvantegenwoordig,,
1653,18957488,hysterisch,,
1654,1268544,jeugd,,
1655,1591814181558273,tiktokdans,,
1656,1676664805719046,movdbuurt,,
1657,16166,wholetthedogsout,,
1658,75784531,mypfp,"Depending on how it goes, which profile picture will you be using?",https://p16-sg.tiktokcdn.com/obj/musically-maliva-obj/15dddf82c76589188698edc98748e6b1
1659,13103457,homeoffice,"Whether you're organizing your workspace or sharing tips for working from home, we're here for everything #HomeOffice.",
1660,21488045,kimiraikkonen,,
1661,1629484296796165,bwoah,,
1662,491264,horserider,,
1663,55677,blackbeauty,,
1664,1641597884128261,bekeerling,,
1665,1653553771749382,xzybca,,
1666,38525019,Ù‚Ø·,,
1667,22991,pony,,
1668,85162,australia,,
1669,279866,perth,,
1670,21882,show,,
1671,8411594,grasslands,,
1672,39584,competition,,
1673,19499,chief,,
1674,2414848,usmilitary,,
1675,8729,footwork,,
1676,80798857,shuffleprogress,,
1677,29118,professionaldancer,,
1678,928894,spookyseason,Haunted house check. Show us how you're creeping out your pad this Halloween ğŸ‘»,https://p16-sg.tiktokcdn.com/obj/musically-maliva-obj/a66c121a555ef1f75f1ff35816c623d6
1679,2832790,dayinmylife,Show us a day in your life.,
1680,1677707953595409,beconvincing,"Follow your Dream! Show us your madd skills to convince others, whether it's building a team, getting your way, or finding your destiny together. Nothing happens if you aren't convincing. Join us in #BeConvincing!",https://p16-sg.tiktokcdn.com/obj/musically-maliva-obj/0a23760131ae0316c5f979f2c275db17
1681,55956,scare,,
1682,1998,level,,
1683,73775,beatbox,,
1684,73703,beatboxing,,
1685,697974,beatboxchallenge,"Beatboxing can be challenging sometimes...
Are you a pro? A learner? A rookie? ğŸ‘¨â€ğŸ¤
Come and show off your beatboxing with #beatboxchallenge ğŸ™ğŸ’•",
1686,169820,drumandbass,,
1687,10732595,enforcer,,
1688,195827,law,,
1689,331539,dontletthisflop,,
1690,139919,injured,,
1691,24904,attitude,,
1692,401315,jok,,
1693,6957,blue,,
1694,15609,qualitytime,How are you spending your #QualityTime these days?,https://p16-sg.tiktokcdn.com/obj/musically-maliva-obj/c4e48de17cd034ca09f538cdfd65cc7e
1695,563964,comfortfood,"Home-cooked meals, ice cream, and plenty of tasty treats. Show us your #ComfortFood.",
1696,5914,ocean,,
1697,7419957,candymelts,,
1698,1597649912299526,cakesicles,,
1699,1657211743198214,baketok,,
1700,666958,mississauga,,
1701,7103647,cakedeco,,
1702,11993,gymlife,,
1703,464134,pecs,,
1704,1603187170258966,opais,,
1705,46671,badguy,Transition to an incredible look and show us your beauty skills!,https://p77-sg.tiktokcdn.com/obj/tiktok-obj/b917ac0327f624a6b12a518c2d249ea1
1706,1602594540462085,hanakokun,,
1707,17861910,bakugo,,
1708,11979631,bokunohero,,
1709,9749047,husbando,,
1710,1622227873007621,nanatzunotaizay,,
1711,1634728390572038,luizbacci,,
1712,1656068516501510,lbacci,,
1713,309262,amore,,
1714,23351,cheese,,
1715,294682,cheddar,,
1716,2982619,artchallenge,,
1717,32960,tramp,,
1718,13875441,donaldtramp,,
1719,45573,comedies,,
1720,28999370,dlawas,,
1721,3952,haha,Â¡Utiliza el audio oficial y muestra tu mejor maquillaje o cosplay! ğŸ‘€,
1722,84498921,Å›miesznefilmiki,,
1723,1602007750793217,tiktokpolska,,
1724,1627111474740230,youtubersentiktok,,
1725,7692,mood,,
1726,49337093,keepsailing,,
1727,40631,duo,Use our Duet feature because two is always better than one,
1728,1636001047711750,demonslayeredit,,
1729,1614130681611265,kimetsunoyaiba,,
1730,2197087,demonslayer,,
1731,10872242,amv_anime,,
1732,1636677549294598,kimetsunoyaibaedit,,
1733,8631995,tanjiro,,
1734,1635241621599237,coronavirus,,
1735,1009955,tastetest,Does this even taste good? Put together a mix of flavorful foods and put your taste buds on the line with #TasteTest!,https://p16-sg.tiktokcdn.com/obj/musically-maliva-obj/1633665782402053.PNG
1736,935349,hoodbaby,Join this hot trend with your families and friends. ğŸ˜‚,
1737,7690036,damascus,,
1738,1596156609465350,Ø«ÙˆØ±Ø©,,
1739,18812415,Ø¯Ø¹Ù…,,
1740,158399,syria,,
1741,1617616626738181,Ø§Ù„Ø³Ø§Ø±ÙˆØª,,
1742,1598599767953413,Ø§Ø¯Ù„Ø¨,,
1743,1616947629752326,Ø§Ù„Ø«ÙˆØ±Ø©_Ø§Ù„Ø³ÙˆØ±ÙŠØ©,,
1744,1614113920102406,Ø¢ÙŠÙÙˆÙ†,,
1745,1630909381088261,nezuko,,
1746,19583472,otaku_forever,,
1747,2472917,albertheijn,,
1748,1661620299747333,zelfscan,,
1749,737073,supermarkt,,
1750,1663496994865157,supermarkthumor,,
1751,82938618,tombÃ©,,
1752,94210,de,,
1753,927015,haut,,
1754,8102620,tsukasa,,
1755,15702,wap,"Join this hot trend #WAP and show your moves.

 How to Join: 
1) Click on the shoot button. 
2) Click on 'sounds' at the top of your screen and select the 1st one. 
3) Add #WAP in your captions.",https://p16-sg.tiktokcdn.com/obj/musically-maliva-obj/80ba17293432fa252f27fe393e253d30
1756,7170,charlie,,
1757,7104,no,,
1758,8838,mama,,
1759,3766575,moeders,,
1760,1102681,moeder,,
1761,21558819,pinpas,,
1762,45713974,boodschap,,
1763,1603504302397446,foryoulage,,
1764,1677560680060929,makraak,,
1765,804762,politie,,
1766,1648174705771526,politieamsterdam,,
1767,430986,policecar,,
1768,1641743446264837,dreamjobcheck,Show off your dream job ğŸ¥°,
1769,1636483010861062,learnontiktok,Discover something new and #LearnOnTikTok.,https://p77-sg.tiktokcdn.com/obj/tiktok-obj/99c4867fe33e971a3155a73587157377
1770,13691,cops,,
1771,10616879,team07,,
1772,24319,elsa,,
1773,11496,oneday,,
1774,72785719,onemillonaudition,,
1775,44639,fallow,,
1776,4553256,faloow,,
1777,1683026378097665,emyemeralda,,
1778,31435,idontlikeit,I don't like it...  I really don't like it...,https://p16-sg.tiktokcdn.com/obj/musically-maliva-obj/32c68991ed222c4eac5fe3606d28556b
1779,1654745712219141,ilikeyacutg,,
1780,72225,anytime,,
1781,8539,letsdance,"Une passion ou juste un hobby pour la danse? Montre-nous tes talents de danseur ğŸ’ƒ  avec le hashtag de ce mercredi! Tutting, Popping, Hip-hop, Classique...",
1782,41023,worldstar,,
1783,227605,concept,,
1784,42499,exam,,
1785,18398,newhere,,
1786,18421,myjob,"Whether it's your WFH setup, cool tools, or favourite coworkers, show us what your work is like!",https://p16-sg.tiktokcdn.com/obj/musically-maliva-obj/4b4e6f959859df74431f1a32a5a5f3b2
1787,1667367404926997,movember2020,"We're partnering with Movember to raise funds and awareness for men's health, and we want to see how your #Movember2020 is going. So show us your mustache, tell us why men's health awareness is important to you, and join us this Movember by making a difference. Learn more about Movember here: www.movember.com",https://p16-sg.tiktokcdn.com/obj/musically-maliva-obj/d68b06a351053c1ac67482803bf3d7ed
1788,9678,coach,,
1789,12090164,workouttips,,
1790,5334,halloween,"What does Halloween mean to you? Make your own TikTok. 
Got any Halloween memes? Make your TikTok's about Halloween, just add the hashtag: #Halloween.",
1791,5215036,tomfelton,,
1792,18591,harrystyles,,
1793,613628,emmawatson,,
1794,82466041,timotheechalamet,,
1795,15558,zaynmalik,,
1796,21703,louistomlinson,,
1797,67366,tw,,
1798,312522,awareness,,
1799,113104,starving,,
1800,28775,rice,,
1801,1678512764257282,rijstt,,
1802,1684553427824642,gioswikkers,,
1803,1684867260634114,alsjehandoverjekontglijd,,
1804,10470377,laatjegaan,,
1805,81436151,phdlife,,
1806,2954312,gradschool,,
1807,3004280,phd,,
1808,15942,research,,
1809,1685604573794306,hollandsroem,,
1810,9287639,haring,,
1811,10387,guiltypleasure,,
1812,1657617878746118,lekkerneef,,
1813,1683716487633922,ğŸ‡ªğŸ‡·ğŸ‡ªğŸ‡·ğŸ‡ªğŸ‡·ğŸ‡ªğŸ‡·ğŸ‡ªğŸ‡·ğŸ‡ªğŸ‡·ğŸ‡ªğŸ‡·ğŸ‡ªğŸ‡·eritreangirlsfrikangirl,,
1814,1679005403176962,tenbrinke,,
1815,7305,werk,,
1816,1670755645481989,callanambulancebutnotforme,,
1817,3755336,fitnesschallenge,Â¿Puedes cumplir el #FitnessChallenge?,
1818,11059,drag,,
1819,17364,dragqueen,,
1820,1683823876778001,draqmakeover,,
1821,1653076699130885,dragqueentransformation,,
1822,20972793,dragtransformation,,
1823,74689031,programmers,,
1824,1597121322553349,hackaton,,
1825,3501867,programmer,,
1826,3003261,coder,,
1827,1632711509041157,codingtiktok,,
1828,366260,javascript,,
1829,1609056958706689,techtok,,
1830,1656793787570177,techtokers,,
1831,12299,gamer,"Pykasz na konsoli? Streamujesz z fanami? Przegrzewasz sprzÄ™t, rywalizujÄ…c z innymi graczami online? PokaÅ¼ swojÄ… pasjÄ™ do grania w gry komputerowe i e-sportu wÅ‚aÅ›nie w tym hasztagu!",
1832,300425,streamer,,
1833,32955735,dontputtheblameonme,,
1834,1605808460579845,bangenergy,,
1835,1942439,haat,,
1836,13748144,feiten,,
1837,1638463727686662,hopelesslydevoted2u,,
1838,2257915,horseboy,,
1839,1657700279228421,kooiaap,,
1840,1668477469356038,kooiaapspecialist,,
1841,1678778022272002,redlichtdistict,,
1842,1651462747234309,dolle10minuten,,
1843,541778,macdonalds,,
1844,152801,transport,,
1845,12783262,vrachtwagen,,
1846,2906963,strijder,,
1847,1672568719716357,lekkerhoorrrr,,
1848,12289049,huphollandhup,,
1849,1648030182672389,livinginholland,,
1850,587347,languages,,
1851,1663521372040262,venezolanosenholanda,,
1852,35776260,pistolsquat,,
1853,1681528761891857,dailydicerollwalk,,
1854,1592197699127301,â¤ï¸,,
1855,29869156,ÑƒÑ€Ğ¾ĞºĞ¸Ğ¼Ğ°ĞºĞ¸ÑĞ¶Ğ°,,
1856,1162013,makeuptutorials,,
1857,79636160,crew07,,
1858,1627267338883078,vrlvideo,,
1859,20846,fym,,
1860,31405462,meleaving,Sometimes you just need to make a scene when you leave.,https://p16-sg.tiktokcdn.com/obj/musically-maliva-obj/3b372b86e98dde2c96be597b25e37a49
1861,15570,cardio,,
1862,46194542,crossfitworkout,,
1863,4784135,homeworkouts,,
1864,93118,physique,,
1865,8664,riding,,
1866,1678837951775749,tomybestfriend,Send a message to your best friend.,https://p16-sg.tiktokcdn.com/obj/musically-maliva-obj/eb0ebb912d9eeda0ff8977f54ab546a9
1867,32400544,petthings,"Whether your pet loves costumes, or needs a time out, show us all the #PetThings.",https://p16-sg.tiktokcdn.com/obj/musically-maliva-obj/b1ff7f4efb06c2de24d7c40d0b828be4
1868,26354,rider,,
1869,1603644472305665,tiktoksouthafrica,,
1870,1677539391613954,smiithdefortal,,
1871,1670594788489221,comoequeeupossovomitarbatata,,
1872,1665872603991046,batecomvaontade,,
1873,243584,whatsapp,,
1874,650167,escaramuza,,
1875,2632695,charro,,
1876,29302152,charreria,,
1877,37918,mx,,
1878,65021,page,,
1879,7458897,Ñ€ĞµĞ°ĞºÑ†Ğ¸Ñ,,
1880,82925431,Ğ¿Ñ€Ğ¾Ğ²ĞµÑ€ĞºĞ°,,
1881,4719970,Ğ¾Ñ‚Ğ½Ğ¾ÑˆĞµĞ½Ğ¸Ñ,,
1882,87638863,ÑƒĞ³Ğ°Ğ´Ğ°Ğ¹ĞºÑ‚Ğ¾,"Ğ—Ğ°Ğ¿Ğ¸ÑˆĞ¸Ñ‚Ğµ ÑĞµĞ±Ñ Ñ Ğ´Ñ€ÑƒĞ·ÑŒÑĞ¼Ğ¸, ÑÑ‚Ğ¾ÑÑ‰Ğ¸Ğ¼Ğ¸ ÑĞ¿Ğ¸Ğ½Ğ¾Ğ¹ Ğº ĞºĞ°Ğ¼ĞµÑ€Ğµ, Ğ¸ Ğ¿Ğ¾Ğ²ĞµÑ€Ğ½Ğ¸Ñ‚ĞµÑÑŒ Ğ²Ğ¼ĞµÑÑ‚Ğµ Ñ Ğ½Ğ¸Ğ¼Ğ¸! Ğ¢Ğ¾Ñ‚, ĞºĞ¾Ğ³Ğ¾ Ğ¿Ñ€Ğ¸Ğ±Ğ»Ğ¸Ğ·Ğ¸Ñ‚ Ñ‚Ñ€ĞµĞºĞ¸Ğ½Ğ³ Ğ»Ğ¸Ñ†Ğ°, Ğ±ÑƒĞ´ĞµÑ‚ Ğ²ÑĞµĞ¼ Ğ¿Ğ¾ĞºÑƒĞ¿Ğ°Ñ‚ÑŒ Ğ²ĞºÑƒÑĞ½ÑÑˆĞºĞ¸ Ñ†ĞµĞ»Ñ‹Ğ¹ Ğ¼ĞµÑÑÑ† ğŸ”¥",
1883,7233,impressive,,
1884,49484,kentucky,,
1885,245050,peircings,,
1886,1677731846493186,likeyourcutgee,,
1887,18089,leg,,
1888,1677715526768642,bnhaunited,,
1889,83876801,heroesoftomorrow,,
1890,55537,soulmate,,
1891,60576168,bnhaoc,,
1892,8130,glitch,There's a glitch in the matrix! Try out this new #Glitch effect today ğŸ˜,
1893,1660168400186374,rimbatubes,,
1894,490482,piratesofthecaribbean,,
1895,2039454,bleaching,,
1896,176666,hairdye,,
1897,33434,backtoblack,,
1898,15293598,workoutfromhome,Stuck at home and feeling less and less energetic? Wanna change it but donâ€™t know how? We know the easiest way to start! Join the #WorkoutFromHome challenge!,
1899,1651569043477509,keepnaturewild,,
1900,20898,ad,,
1901,38523234,winterdiy,"Alles einfach kaufen, oder lieber selbst basteln? Egal ob Dekoration oder Geschenke, zeige uns deine besten #WinterDIY-Anleitungen. Komm rein in die Winterwelt: https://vm.tiktok.com/ZMJ4R6tbB/",https://p16-sg.tiktokcdn.com/obj/musically-maliva-obj/e7a4473d02131f51e41feeac9c9d539d
1902,1659784658086917,lernenmittiktok,"A wie Alpakas, H wie Hydroponik, K wie Kameratrick bis Z wie Zero Waste. Mache mit bei #LernenMitTikTok",https://p16-sg.tiktokcdn.com/obj/musically-maliva-obj/64b910cff5622c4d704429007dd0cb43
1903,323411,gymnasticschallenge,"Whether it's a handstand, cartwheel, splits or a bridge, show us if you can do the #GymnasticsChallenge. You can keep it simple or show off your best back tuck.",
1904,20973784,backmuscle,,
1905,10178,crush,Show us your crush!,https://p16-sg.tiktokcdn.com/obj/musically-maliva-obj/bad304d63fe17faf8585094cd7887c1b
1906,5884,mistake,,
1907,217185,fitgirl,,
1908,419707,jumbo,,
1909,65603416,mondkapje,,
1910,34924,ns,,
1911,21068,corona,,
1912,42606834,ikdoenietmee,,
1913,1678466900352001,ikdoenietmeermee,,
1914,50966969,regering,,
1915,1651446680517637,tegendraats,,
1916,65943,weights,,
1917,17171,grind,,
1918,143316,gymrat,,
1919,51267,swole,,
1920,227491,bulk,,
1921,17015477,lewishamilton,,
1922,1593915827608581,Ø§ÙƒØ³Ø¨Ù„Ùˆ,,
1923,43776,chile,,
1924,363493,tatuaje,,
1925,29712,lesbians,,
1926,82813861,dÃºo,,
1927,1642988542198785,f1crash,,
1928,1635800862074886,f1mercedes,,
1929,35529091,f1race,,
1930,9003,win,,
1931,58470,lose,,
1932,80266,ftb,,
1933,430001,fortheboys,,
1934,71204,rage,,
1935,90038,pit,,
1936,275200,pitstop,,
1937,48462,box,,
1938,12724,boxing,,
1939,94762,painful,,
1940,1627689332971526,fastestlap,How fast are you?,
1941,28324,boo,Don't be so scared ğŸ‘»,https://p16-sg.tiktokcdn.com/obj/musically-maliva-obj/da2400b7cffad61287631b1c767c9676
1942,806086,affirmations,Because we could all use a bit of positive energy.,https://p16-sg.tiktokcdn.com/obj/musically-maliva-obj/bf0a7632b942af2e02893c011ced5d7a
1943,1653855372523526,squatmobility,,
1944,1161400,sakuraharuno,,
1945,1675384789391365,shannaroo,,
1946,38762642,shannaro,,
1947,1668898783685634,sakurabest,,
1948,7003434,waterbowl,,
1949,3192876,stables,,
1950,221229,stable,,
1951,491263,horselover,,
1952,62632,farm,,
1953,143262,farmer,,
1954,187530,yard,,
1955,25163,clumsy,,
1956,27061917,transisi,,
1957,9265,slowmotion,have you ever tried to dance in #slowmotion ? you can do it now with our new TikTok slowmotion dance challenge,https://p16-sg.tiktokcdn.com/obj/musically-maliva-obj/9573915c8213077dc7465f7dac0ea78b
1958,77863111,tiktokindo,,
1959,1634922086900741,fypchallenge,,
1960,15446,akamegakill,,
1961,12977232,akamegakilledit,,
1962,15445,esdeath,,
1963,84782202,esdeathedit,,
1964,1669663991703554,bhurhn_tv,,
1965,1641081360154626,khasmirpakistan,,
1966,98590,videostar,,
1967,263260,lats,,
1968,82159,backmuscles,,
1969,64409,wheretheyat,,
1970,764,mia,,
1971,23251440,myrecommendation,What's your recommendation?,
1972,20298058,outofbody,,
1973,354279,imaghost,Utiliza el efecto Sale El Alma para hacer tus videos de #ImAGhost!,https://p16-sg.tiktokcdn.com/obj/musically-maliva-obj/920669d763f0107cfc12b6be1bdab215
1974,8284,disney,,
1975,14328,relationship,,
1976,1509315,studentproblems,,
1977,73549,study,,
1978,60252,schoollife,,
1979,1685175010800646,flexfroday,,
1980,1615880506659845,swolefam,,
1981,29915,homegym,"Whether you're working out in the garage, or just spending time in the backyard, show us your #HomeGym.",
1982,1663027140444166,letsprobeerit,,
1983,38817,taekwondo,,
1984,553029,shuffledance,Heyo it's dance time!,
1985,1654775258378245,makeitmini,"We just made the iPhone 12 mini. Now itâ€™s your turn. Look around, tap and shrink things to the beat. #makeitmini",
1986,29568584,markrutte,,
1987,42072,lockdown,,
1988,1671323522757638,upsidedownamsterdam,,
1989,7437,indonesia,"GO Indonesian Musers~!!! 
wkwkwkğŸ˜†ğŸ˜†ğŸ˜†",
1990,1318733,hardgaan,,
1991,749220,kapot,,
1992,7940,broken,,
1993,539123,russell,,
1994,1677015875874818,sakhirgp,,
1995,1662708156864518,giojade,,
1996,9574456,belanda,,
1997,33202693,luarnegeri,,
1998,1646335221317638,fypindo,,
1999,17434651,perpustakaan,,
2000,47642,ldr,,
2001,1683548181219330,holidaysourway,"The holidays might be a bit different this year, but that doesn't mean we can't celebrate the #HolidaysOurWay. We're teaming with our creator community and Nabela Noor to ring in the season, so show us your family traditions, cultural celebrations, and favorite memories, and celebrate the holidays together on TikTok!",
2002,13734065,computerscience,,
2003,21707955,girlsinstem,,
2004,1613781656489989,stemmajor,,
2005,1666061525804033,codewithme,,
2006,65977777,softwareengineer,,
2007,55359648,jandinoasporaat,,
2008,42079,dino,,
2009,4120063,jandino,,
2010,1602984195546118,fortoupage,,
2011,71007337,mv33,,
2012,1304113,dr3,,
2013,1603156403350533,mobicep,,
2014,62405982,richpiana,,
2015,95458,views,,
2016,19183,sai,,
2017,2564048,yamato,,
2018,4268634,team7,,
2019,8004755,time7,,
2020,1607843222528005,sltiktok,,
2021,42938661,horseaccident,,
2022,30217,vets,,
2023,20235041,brokenspine,,
2024,1642700885158917,shoulderexercises,,
2025,1823036,switchingpositions,,
2026,4309356,tabletop,"From boardgames, to cardgames, role-playing games to game collections, show us what makes you a tabletop gamer with #tabletop.",https://p16-sg.tiktokcdn.com/obj/musically-maliva-obj/3f29089a275b5533d26376a891283062
2027,1609628095089670,lesbiansoftiktok,,
2028,67206163,defender110,,
2029,1041586,landrover,,
2030,6910955,swissbeatbox,,
2031,17311324,spencerx,,
2032,56206951,codfish,,
2033,2893403,accentchallenge,,
2034,412469,esh,,
2035,36398511,mensfitness,,
2036,731962,menshealth,,
2037,1677738048149506,eduardofilipecoaching,,
2038,309377,duetwithme,"1. Check out our first official video 2. Choose your favorite musers to duet with. 3. Share your duet video to your IG/GB, using #DuetWithMe!",
2039,13209,wrestling,,
2040,127676,prowrestling,,
2041,1061101,aew,,
2042,54613,romanreigns,,
2043,49717,sethrollins,,
2044,1035373,brocklesnar,,
2045,28585,gainz,,
2046,574873,broscience,,
2047,6098,bro,,
2048,1655942991283205,brosciencelife,,
2049,966911,narutoedits,,
2050,161889,easteregg,"Hidden characters, invisible features and secret tasksâ“ This is an #EasterEgg hunt we can get behind ",
2051,2902071,obito,,
2052,223948,teletubbies,,
2053,4121804,fitnessmotivation,,
2054,1211558,shefamous,,
2055,1584449935030285,tiktokstar,,
2056,1655003963580418,2020evolution,"It started all good, but in the end...",
2057,1681249466344449,Ğ²Ñ‹Ğ±ĞµÑ€Ğ¸Ğ¾Ğ±Ñ€Ğ°Ğ·Ğ¿Ğ¾Ğ²ĞºÑƒÑÑƒ,"#Ğ²Ñ‹Ğ±ĞµÑ€Ğ¸Ğ¾Ğ±Ñ€Ğ°Ğ·Ğ¿Ğ¾Ğ²ĞºÑƒÑÑƒ    
Ğ£Ñ‡Ğ°ÑÑ‚Ğ²ÑƒĞ¹ Ğ² Ñ‡ĞµĞ»Ğ»ĞµĞ½Ğ´Ğ¶Ğµ Ğ²Ğ¼ĞµÑÑ‚Ğµ Ñ ĞĞ°ÑÑ‚ĞµĞ¹ Ğ˜Ğ²Ğ»ĞµĞµĞ²Ğ¾Ğ¹ Ğ¸ Ğ¿ĞµÑ€ĞµĞ²Ğ¾Ğ¿Ğ»Ğ¾Ñ‰Ğ°Ğ¹ÑÑ Ñ Pepsi Ğ¸  Layâ€™s.   ĞŸÑ€Ğ¸Ñ…Ğ¾Ğ´Ğ¸ Ğ² ĞœĞ°Ğ³Ğ½Ğ¸Ñ‚, Ğ¿Ğ¾ĞºÑƒĞ¿Ğ°Ğ¹ Pepsi Ğ¸Ğ»Ğ¸ Lay's Ğ² ÑĞ¿ĞµÑ†Ğ¸Ğ°Ğ»ÑŒĞ½Ğ¾Ğ¹ ÑƒĞ¿Ğ°ĞºĞ¾Ğ²ĞºĞµ Ñ ĞĞ°ÑÑ‚ĞµĞ¹  Ğ˜Ğ²Ğ»ĞµĞµĞ²Ğ¾Ğ¹ Ğ¸ ÑĞ½Ğ¸Ğ¼Ğ°Ğ¹ ÑĞ²Ğ¾Ğµ Ğ²Ğ¸Ğ´ĞµĞ¾ Ñ Ğ¿ĞµÑ€ĞµĞ²Ğ¾Ğ¿Ğ»Ğ¾Ñ‰ĞµĞ½Ğ¸ĞµĞ¼! 
",
2058,24591961,handemiyy,,
2059,1668411730362373,sencalkapimi,,
2060,5369748,handeercel,,
2061,4428922,5you,,
2062,56525,breakupsong,,
2063,119447,girlgroup,,
2064,11211578,bokunoheroacademia,,
2065,573,taylorswift,,
2066,3506245,holidaycountdown,How are you counting down the days until the holidays?,
2067,38103,swiftie,,
2068,223335,ã‚·,,
2069,4074,red,,
2070,83417,impostor,"Â¿QuiÃ©n es el #Impostor? Muestra tus Memes, jugadas o conocimientos!ğŸ–±ğŸ”¥ğŸ–±

Los 3 videos con mÃ¡s likes y creatividad ganarÃ¡n:

1 kit de Headsets + mouse + teclado de nuestros amigos de HyperX Latam

TÃ©rminos y condiciones: shorturl.at/otuIP",https://p16-sg.tiktokcdn.com/obj/musically-maliva-obj/6e51b4cc7b305cd84c9af5aa3024cf23
2071,1660606986519557,coronaproof,,
2072,1666424733495301,balkonfeest,,
2073,1383028,enschede,,
2074,1257315,antwoord,,
2075,121148,samsung,,
2076,7629962,verbouwing,,
2077,324310,bioscoop,,
2078,15624991,djamilacelina,,
2079,70900298,pinautomaat,,
2080,6920,money,,
2081,99953,charity,,
2082,3556325,geenhaat,,
2083,541154,geld,,
2084,69898547,himikotoga,,
2085,696879,pijn,,
2086,1053376,ziekenhuis,,
2087,5329840,middelbare,,
2088,4762782,sporten,,
2089,3264520,blessure,,
2090,1663974615548934,jouwverhaal,,
2091,10842462,verhalen,,
2092,12936964,mallplaza,,
2093,24324,siguemeytesigo,,
2094,1612896910728197,tokerstars,,
2095,94663,beforeandafter,"Whether you're cooking, drawing, building or even glowing up, show us your #BeforeAndAfter.",https://p16-sg.tiktokcdn.com/obj/musically-maliva-obj/e72db0db5c61a5f7fd32213365137a4e
2096,477869,dbs,,
2097,21644,db,,
2098,314309,mui,,
2099,156521,goku,,
2100,1618639646861317,vegetoblue,,
2101,299276,kamehameha,,
2102,8928,t,,
2103,16878,yt,,
2104,1666922570541062,dragonballlegendssummons,,
2105,13809,yeet,"I wanna show you this real quick, Yeet! We want to see your take on this hilarious comedy sound. ğŸ˜‚",
2106,99083,dueto,ğŸ‘¯ğŸ‘¯ğŸ‘¯,
2107,1671551636831238,daniela79,,
2108,82817556,danÃ§a,,
2109,104804,inmybed,,
2110,586163,narutouzumaki,,
2111,2503010,sasukeuchiha,,
2112,17669,peru,,
2113,76545,vans,,
2114,28584,bench,,
2115,14568,success,,
2116,9361,winning,,
2117,99504,bodypositivity,,
2118,60754,plussize,,
2119,1664693561249797,nlunatics,,
2120,1670020911868934,yinyang_fantasyworld,,
2121,1668839938001926,terrorkanita,,
2122,12830,minions,,
2123,33961,hat,,
2124,54393807,_littlestitch,,
2125,197711,makeyoulaugh,,
2126,422893,haveaniceday,,
2127,821849,justcurious,,
2128,1105882,over30,,
2129,75762,dating,,
2130,12740,men,,
2131,2096888,whenwewereyounger,"From family photos to home videos, show us what life was like when you were younger.",https://p16-sg.tiktokcdn.com/obj/musically-maliva-obj/b838f3c86550894e8706c44b1c0b0452
2132,27866,needtoknow,"Pro-tips, fun facts and life hacks. Share those things we #NeedToKnow.",
2133,1681060634815490,joeyvandenhoek,,
2134,1682985840376834,blijeeisquad,,
2135,1600728682096645,3700,,
2136,41550,tshirt,,
2137,8653783,mensstyle,,
2138,18121,diy,Do it yourself!,https://p16-sg.tiktokcdn.com/obj/musically-maliva-obj/1baf2e302b5f32ac74476e1499dff267
2139,456806,tutorials,,
2140,38170190,diyhome,,
2141,84217102,diyhomedecor,,
2142,99690,makeover,,
2143,8016,gold,,
2144,5975,dollhouse,,
2145,31125,runnergirl,,
2146,697786,debate,,
2147,31364,smooth,,
2148,10417,fresh,,
2149,7087,shower,,
2150,1681315451985925,corvettecorvette,,
2151,8896,going,,
2152,28929,wrong,,
2153,1675208197837829,jpkautomotive,,
2154,1603346306636802,mrtiktok,,
2155,29568,funn,,
2156,1626746770984966,fyppppp,,
2157,18123,your,,
2158,2036004,sponsorme,,
2159,5867,dancing,,
2160,1595415408941057,tiktokteacher,,
2161,32954,learn,,
2162,5349200,narutoedit,,
2163,1683913438153730,scqsquad,,
2164,84471646,qssquad,,
2165,1664690391953414,farhadpaz,,
2166,12136,hijab,,
2167,1601194099624961,muslimtiktok,,
2168,19556584,inclusion,,
2169,1680665606623237,2prettybestfriends,,
2170,1671941116605445,csmajorsoftiktok,,
2171,17584,wind,,
2172,413720,regen,,
2173,16756282,selfloveclub,Join the #selfloveclub ğŸ’–,
2174,1677182245217281,luukwatdenkenjij,,
2175,35112721,satisying,,
2176,70480,brush,,
2177,110804,shed,,
2178,738782,womeninuniform,,
2179,1634905735367685,womeninthemilitary,,
2180,85815911,spaceforce,,
2181,4552357,thankyoutaker,,
2182,10985,legend,,
2183,244252,theundertaker,,
2184,23429649,ÑÑ‚Ñ€Ğ¾Ğ¹ĞºĞ°,,
2185,22517800,Ñ€ÑƒĞºĞ¾Ğ¶Ğ¾Ğ¿,,
2186,57496566,ÑÑ‚Ğ¸Ñ€Ğ°Ğ»ÑŒĞ½Ğ°ÑĞ¼Ğ°ÑˆĞ¸Ğ½Ğ°,,
2187,53933014,ÑÑ‚Ğ¸Ñ€Ğ°Ğ»ĞºĞ°,,
2188,40252,boots,,
2189,102815,laces,,
2190,100695,canadian,,
2191,225364,smackdown,,
2192,13052,raw,,
2193,1681816968588294,rawiseasy,,
2194,1667914285473798,equippedpowerlifting,,
2195,32342,chef,,
2196,438891,problemsolved,Dealing with a problem? Here's an easy solution.,https://p16-sg.tiktokcdn.com/obj/musically-maliva-obj/a087ba1c3080cadb72d17895ff2d580d
2197,13144,ufc,,
2198,74638554,kakashisempai,,
2199,873876,kakashisensei,,
2200,14897785,kakashi_hatake,,
2201,59160272,kakashiedit,,
2202,72781674,kakashiart,,
2203,32076546,ã‚«ã‚«ã‚·,,
2204,30712,view,,
2205,1661571360958466,lockdownvibe,,
2206,1685588313819137,ahajla,,
2207,173462,cabaret,,
2208,1684258240475138,duetmetnajib,,
2209,1665172889871365,petyyyyyy,,
2210,5862,puppy,,
2211,8062,run,"That moment you wish you could disappear.ğŸ‘» 

How to shoot: 

1. Click the shoot icon. 
2. Click on â€œadd soundâ€. 
3. And there you go! Select the first sound you see under â€œdiscoverâ€. 
4. Have fun!",https://p16-sg.tiktokcdn.com/obj/musically-maliva-obj/a272f969403c936c58ff2d59a0b7d9e8
2212,993886,doggo,,
2213,1671999227560965,magikbijjouslapen,,
2214,42859,just4fun,,
2215,25382,followback,,
2216,1685997126071301,gttfg,,
2217,626561,pumpkinspice,*puts down latte* It's a lifestyle.,https://p16-sg.tiktokcdn.com/obj/musically-maliva-obj/610482a1415f7c73d273e5d10f0b0132
2218,6113,curls,,
2219,17680889,equestriangirl,,
